,title,price,link
0,"HP Pavilion x360, 13th Gen Intel Core i5-1335U Laptop (16GB DDR4, 512GB SSD) Touchscreen, 14""/35.6cm, FHD, Win 11, Office 21, Silver, 1.51kg, Iris Xe, FPR, 5MP Camera, Backlit KB, Pen, ek1074TU","68,990",https://amazon.in//HP-Pavilion-i5-1335U-Laptop-Touchscreen/dp/B0CJ2KWNNQ/ref=sr_1_1?dib=eyJ2IjoiMSJ9.KtVjMohCkSJk8z8d5EDRzORBT_cgj423ZGet7MU8gQeXLCSeV6IhyvjR9j6C9c7MRGWOZAleYHZgRreyHKy2i7-nsJC36RTWMjDqcqr8VTcb_0O2BXGt_ydYBHkHe64ojKOijoK8ZhSzSlt2FqSv3eODLvJRojpWjvxAxPe8kl2OhGOZqeLrc80NMtZ1ZLqBbM5byuwtTd9q1u74GEM_J3zyZ4XAr-M4mO6pNHh2MfM.CXTxdF2PwNS3DjiB_y7ZPdoRLMEMKtCzIge4LBmCtxo&dib_tag=se&keywords=laptop&qid=1749306835&sr=8-1
1,"
ASUS TUF Gaming A15, AMD Ryzen 7 7435HS Gaming
                    Laptop(NVIDIA RTX 3050-4GB/60W TGP/16GB RAM/512GB
                    SSD/FHD/15.6""/144Hz/RGB KB/48WHr/Windows 11//Graphite
                    Black/2.30 Kg) FA506NCR-HN054W
","64,990",https://amazon.in//ASUS-15-6-inch-GeForce-Graphite-FA506NCR-HN054W/dp/B0D5DFR78J/ref=sr_1_2?dib=eyJ2IjoiMSJ9.KtVjMohCkSJk8z8d5EDRzORBT_cgj423ZGet7MU8gQeXLCSeV6IhyvjR9j6C9c7MRGWOZAleYHZgRreyHKy2i7-nsJC36RTWMjDqcqr8VTcb_0O2BXGt_ydYBHkHe64ojKOijoK8ZhSzSlt2FqSv3eODLvJRojpWjvxAxPe8kl2OhGOZqeLrc80NMtZ1ZLqBbM5byuwtTd9q1u74GEM_J3zyZ4XAr-M4mO6pNHh2MfM.CXTxdF2PwNS3DjiB_y7ZPdoRLMEMKtCzIge4LBmCtxo&dib_tag=se&keywords=laptop&qid=1749306835&sr=8-2
2,"Acer [SmartChoice Aspire Lite AMD Ryzen 5-5625U Premium Thin and Light Laptop (16 GB RAM/512 GB SSD/Windows 11 Home) AL15-41, 39.62 cm (15.6"") Full HD Display, Metal Body, Steel Gray, 1.59 KG","32,990",https://amazon.in//5-5625U-Premium-Windows-AL15-41-Display/dp/B0DG2GCTD7/ref=sr_1_6?dib=eyJ2IjoiMSJ9.KtVjMohCkSJk8z8d5EDRzORBT_cgj423ZGet7MU8gQeXLCSeV6IhyvjR9j6C9c7MRGWOZAleYHZgRreyHKy2i7-nsJC36RTWMjDqcqr8VTcb_0O2BXGt_ydYBHkHe64ojKOijoK8ZhSzSlt2FqSv3eODLvJRojpWjvxAxPe8kl2OhGOZqeLrc80NMtZ1ZLqBbM5byuwtTd9q1u74GEM_J3zyZ4XAr-M4mO6pNHh2MfM.CXTxdF2PwNS3DjiB_y7ZPdoRLMEMKtCzIge4LBmCtxo&dib_tag=se&keywords=laptop&qid=1749306835&sr=8-6
3,"Lenovo V14 G3, 12th Gen Intel Core i7-1255U Upto 4.70Ghz (16GB RAM/512GB SSD/Windows 11) 14.0"" FHD Display Thin and Light Laptop/Iron Grey /1.70 kg 1 Year Onsite Brand Warranty","45,999",https://amazon.in//Lenovo-i7-1255U-4-70Ghz-Windows-Warranty/dp/B0F32ZBDNJ/ref=sr_1_7?dib=eyJ2IjoiMSJ9.KtVjMohCkSJk8z8d5EDRzORBT_cgj423ZGet7MU8gQeXLCSeV6IhyvjR9j6C9c7MRGWOZAleYHZgRreyHKy2i7-nsJC36RTWMjDqcqr8VTcb_0O2BXGt_ydYBHkHe64ojKOijoK8ZhSzSlt2FqSv3eODLvJRojpWjvxAxPe8kl2OhGOZqeLrc80NMtZ1ZLqBbM5byuwtTd9q1u74GEM_J3zyZ4XAr-M4mO6pNHh2MfM.CXTxdF2PwNS3DjiB_y7ZPdoRLMEMKtCzIge4LBmCtxo&dib_tag=se&keywords=laptop&qid=1749306835&sr=8-7
4,"HP 255 Notebook, AMD Athlon Silver 7120U,8GB DDR4, 256GB SSD, 15.6-inch(39.6cm),Anti-Glare, HD Laptop, Radeon Graphics, (Win 11, Silver,1.52kg) G10","23,750",https://amazon.in//HP-255-Notebook-AMD-256GB/dp/B0DV984J97/ref=sr_1_8?dib=eyJ2IjoiMSJ9.KtVjMohCkSJk8z8d5EDRzORBT_cgj423ZGet7MU8gQeXLCSeV6IhyvjR9j6C9c7MRGWOZAleYHZgRreyHKy2i7-nsJC36RTWMjDqcqr8VTcb_0O2BXGt_ydYBHkHe64ojKOijoK8ZhSzSlt2FqSv3eODLvJRojpWjvxAxPe8kl2OhGOZqeLrc80NMtZ1ZLqBbM5byuwtTd9q1u74GEM_J3zyZ4XAr-M4mO6pNHh2MfM.CXTxdF2PwNS3DjiB_y7ZPdoRLMEMKtCzIge4LBmCtxo&dib_tag=se&keywords=laptop&qid=1749306835&sr=8-8
5,"HP 15 (2025), Intel Core i3 13th Gen 1315U - (8 GB/512 GB SSD/Intel UHD Graphics/DOS) Thin and Light Business Laptop/15.6"" HD Display/Ash Grey/1.5 kg","31,500",https://amazon.in//HP-15-Intel-Core-1315U/dp/B0F8WC83WT/ref=sr_1_9?dib=eyJ2IjoiMSJ9.KtVjMohCkSJk8z8d5EDRzORBT_cgj423ZGet7MU8gQeXLCSeV6IhyvjR9j6C9c7MRGWOZAleYHZgRreyHKy2i7-nsJC36RTWMjDqcqr8VTcb_0O2BXGt_ydYBHkHe64ojKOijoK8ZhSzSlt2FqSv3eODLvJRojpWjvxAxPe8kl2OhGOZqeLrc80NMtZ1ZLqBbM5byuwtTd9q1u74GEM_J3zyZ4XAr-M4mO6pNHh2MfM.CXTxdF2PwNS3DjiB_y7ZPdoRLMEMKtCzIge4LBmCtxo&dib_tag=se&keywords=laptop&qid=1749306835&sr=8-9
6,"Apple MacBook Air Laptop: Apple M1 chip, 13.3-inch/33.74 cm Retina Display, 8GB RAM, 256GB SSD Storage, Backlit Keyboard, FaceTime HD Camera, Touch ID. Works with iPhone/iPad; Space Grey","58,990",https://amazon.in//Apple-MacBook-Chip-13-inch-256GB/dp/B08N5W4NNB/ref=sr_1_10?dib=eyJ2IjoiMSJ9.KtVjMohCkSJk8z8d5EDRzORBT_cgj423ZGet7MU8gQeXLCSeV6IhyvjR9j6C9c7MRGWOZAleYHZgRreyHKy2i7-nsJC36RTWMjDqcqr8VTcb_0O2BXGt_ydYBHkHe64ojKOijoK8ZhSzSlt2FqSv3eODLvJRojpWjvxAxPe8kl2OhGOZqeLrc80NMtZ1ZLqBbM5byuwtTd9q1u74GEM_J3zyZ4XAr-M4mO6pNHh2MfM.CXTxdF2PwNS3DjiB_y7ZPdoRLMEMKtCzIge4LBmCtxo&dib_tag=se&keywords=laptop&qid=1749306835&sr=8-10
7,"HP 15, AMD Ryzen 3 7320U Laptop (8GB LPDDR5, 512GB SSD) Anti-Glare, Micro-Edge, 15.6""/39.6cm,FHD, Win 11, Silver, 1.59kg, AMD Radeon Graphics, 1080p HD Camera, fc0154AU","29,760",https://amazon.in//HP-Laptop-15-6-inch-Graphics-fc0154AU/dp/B0D3HG5CMG/ref=sr_1_11?dib=eyJ2IjoiMSJ9.KtVjMohCkSJk8z8d5EDRzORBT_cgj423ZGet7MU8gQeXLCSeV6IhyvjR9j6C9c7MRGWOZAleYHZgRreyHKy2i7-nsJC36RTWMjDqcqr8VTcb_0O2BXGt_ydYBHkHe64ojKOijoK8ZhSzSlt2FqSv3eODLvJRojpWjvxAxPe8kl2OhGOZqeLrc80NMtZ1ZLqBbM5byuwtTd9q1u74GEM_J3zyZ4XAr-M4mO6pNHh2MfM.CXTxdF2PwNS3DjiB_y7ZPdoRLMEMKtCzIge4LBmCtxo&dib_tag=se&keywords=laptop&qid=1749306835&sr=8-11
8,"HP 15s, 12th Gen Intel Core i3-1215U Laptop (8GB DDR4, 512GB SSD) Anti-Glare, 15.6""/39.6cm,FHD, Win 11, MS Office 21, Silver, 1.69kg, Intel UHD Graphics, HD Camera, Dual Speakers, fy5006tu","33,990",https://amazon.in//HP-i3-1215U-Anti-Glare-15-6inch-Graphics/dp/B0CJBL2QWY/ref=sr_1_12?dib=eyJ2IjoiMSJ9.KtVjMohCkSJk8z8d5EDRzORBT_cgj423ZGet7MU8gQeXLCSeV6IhyvjR9j6C9c7MRGWOZAleYHZgRreyHKy2i7-nsJC36RTWMjDqcqr8VTcb_0O2BXGt_ydYBHkHe64ojKOijoK8ZhSzSlt2FqSv3eODLvJRojpWjvxAxPe8kl2OhGOZqeLrc80NMtZ1ZLqBbM5byuwtTd9q1u74GEM_J3zyZ4XAr-M4mO6pNHh2MfM.CXTxdF2PwNS3DjiB_y7ZPdoRLMEMKtCzIge4LBmCtxo&dib_tag=se&keywords=laptop&qid=1749306835&sr=8-12
9,"Acer Aspire 3, Intel Core Celeron N4500, 8GB LPDDR4X, 512GB SSD, HD, 14""/35.56cm, Windows 11 Home, Pure Silver, 1.3KG, A324-45, HD Webcam, 38 WHR Laptop","21,990",https://amazon.in//Acer-Celeron-Processor-LPDDR4X-A324-45/dp/B0D7PSTHRD/ref=sr_1_13?dib=eyJ2IjoiMSJ9.KtVjMohCkSJk8z8d5EDRzORBT_cgj423ZGet7MU8gQeXLCSeV6IhyvjR9j6C9c7MRGWOZAleYHZgRreyHKy2i7-nsJC36RTWMjDqcqr8VTcb_0O2BXGt_ydYBHkHe64ojKOijoK8ZhSzSlt2FqSv3eODLvJRojpWjvxAxPe8kl2OhGOZqeLrc80NMtZ1ZLqBbM5byuwtTd9q1u74GEM_J3zyZ4XAr-M4mO6pNHh2MfM.CXTxdF2PwNS3DjiB_y7ZPdoRLMEMKtCzIge4LBmCtxo&dib_tag=se&keywords=laptop&qid=1749306835&sr=8-13
10,"Acer Aspire 3 Laptop Intel Core Celeron N4500 Processor Laptop (8 GB LPDDR4X SDRAM/256 GB SSD/Win11 Home/38 WHR/HD Webcam) A324-45 with 35.56 cm (14"") HD Display, Pure Silver, 1.3 KG","20,990",https://amazon.in//Acer-Celeron-Processor-LPDDR4X-A324-45/dp/B0D7PSYS6B/ref=sr_1_14?dib=eyJ2IjoiMSJ9.KtVjMohCkSJk8z8d5EDRzORBT_cgj423ZGet7MU8gQeXLCSeV6IhyvjR9j6C9c7MRGWOZAleYHZgRreyHKy2i7-nsJC36RTWMjDqcqr8VTcb_0O2BXGt_ydYBHkHe64ojKOijoK8ZhSzSlt2FqSv3eODLvJRojpWjvxAxPe8kl2OhGOZqeLrc80NMtZ1ZLqBbM5byuwtTd9q1u74GEM_J3zyZ4XAr-M4mO6pNHh2MfM.CXTxdF2PwNS3DjiB_y7ZPdoRLMEMKtCzIge4LBmCtxo&dib_tag=se&keywords=laptop&qid=1749306835&sr=8-14
11,"HP 255 G10, AMD Ryzen 3 7320U Quad Core -(8 GB/512 GB SSD/AMD Radeon Graphics/Windows 11) Thin and Light Business Laptop/15.6"" HD Display/Turbo Silver/1.5 kg","25,850",https://amazon.in//HP-Graphics-Windows-Business-Display/dp/B0F6TJ164J/ref=sr_1_15?dib=eyJ2IjoiMSJ9.KtVjMohCkSJk8z8d5EDRzORBT_cgj423ZGet7MU8gQeXLCSeV6IhyvjR9j6C9c7MRGWOZAleYHZgRreyHKy2i7-nsJC36RTWMjDqcqr8VTcb_0O2BXGt_ydYBHkHe64ojKOijoK8ZhSzSlt2FqSv3eODLvJRojpWjvxAxPe8kl2OhGOZqeLrc80NMtZ1ZLqBbM5byuwtTd9q1u74GEM_J3zyZ4XAr-M4mO6pNHh2MfM.CXTxdF2PwNS3DjiB_y7ZPdoRLMEMKtCzIge4LBmCtxo&dib_tag=se&keywords=laptop&qid=1749306835&sr=8-15
12,"Lenovo V15 G4 AMD Ryzen 5 7520U 15.6 inch FHD Thin & Lite Laptop, AMD Graphics, 16GB DDR5 5500Mhz Ram, 512GB SSD NVMe, Windows 11, Dolby Audio, Arctic Grey, 1 Year Onsite Brand Warranty","38,390",https://amazon.in//Lenovo-Graphics-5500Mhz-Windows-Warranty/dp/B0F29HNJL1/ref=sr_1_3?dib=eyJ2IjoiMSJ9.KtVjMohCkSJk8z8d5EDRzORBT_cgj423ZGet7MU8gQeXLCSeV6IhyvjR9j6C9c7MRGWOZAleYHZgRreyHKy2i7-nsJC36RTWMjDqcqr8VTcb_0O2BXGt_ydYBHkHe64ojKOijoK8ZhSzSlt2FqSv3eODLvJRojpWjvxAxPe8kl2OhGOZqeLrc80NMtZ1ZLqBbM5byuwtTd9q1u74GEM_J3zyZ4XAr-M4mO6pNHh2MfM.CXTxdF2PwNS3DjiB_y7ZPdoRLMEMKtCzIge4LBmCtxo&dib_tag=se&keywords=laptop&qid=1749306835&sr=8-3
13,"Primebook S 4G, 2025(New, WiFi+4G) Android Based MediaTek MT8788 - (PrimeOS) 4G SIM Slot, Thin and Light Laptop (11.6 Inch, 1.065 Kg, Type C, USB, HDMI, MicroSD) (4GB/128GB eMMC Storage, Black)","16,490",https://amazon.in//Primebook-4G-Android-MediaTek-MT8788/dp/B0D1Y359QD/ref=sr_1_16?dib=eyJ2IjoiMSJ9.KtVjMohCkSJk8z8d5EDRzORBT_cgj423ZGet7MU8gQeXLCSeV6IhyvjR9j6C9c7MRGWOZAleYHZgRreyHKy2i7-nsJC36RTWMjDqcqr8VTcb_0O2BXGt_ydYBHkHe64ojKOijoK8ZhSzSlt2FqSv3eODLvJRojpWjvxAxPe8kl2OhGOZqeLrc80NMtZ1ZLqBbM5byuwtTd9q1u74GEM_J3zyZ4XAr-M4mO6pNHh2MfM.CXTxdF2PwNS3DjiB_y7ZPdoRLMEMKtCzIge4LBmCtxo&dib_tag=se&keywords=laptop&qid=1749306835&sr=8-16
14,"HP 15, 13th Gen Intel Core i5-1334U Laptop (16GB DDR4,512GB SSD) Anti-Glare, Micro-Edge,15.6''/39.6cm, FHD, Win11,M365,Office24, Silver,1.59kg, Iris Xe Graphics,FHD Camera w/Privacy Shutter, fd0577TU","56,990",https://amazon.in//sspa/click?ie=UTF8&spc=MTo4NTAzMzg5ODgwNDY4ODUwOjE3NDkzMDY4NDA6c3BfYXRmX25leHQ6MzAwNTU5NjYxMTA1ODMyOjowOjo&url=%2FHP-i5-1334U-Anti-Glare-Micro-Edge-fd0577TU%2Fdp%2FB0F4R6H3NB%2Fref%3Dsr_1_17_sspa%3Fdib%3DeyJ2IjoiMSJ9.IruyASTNhyI_9OFVUcTOgBVGoCooKncFUOUT1fU7JastHBWVFgUy2RCA8IHt7c_GWZh9p-stdCRTnu-BrYHLt5-3E2_AZ7zQf7CuREZdhs7CfHaL9Xuj1ATWFf4VSje2lmo5Hd7ZGqJUDfnRO6-2ZFhWFHWTmqgL6bIQpadNLBjSDmm6_XuTAoXeJjbYc4i-K0ZiXznQbFzBdYkV2ZdspE1O1PNB2vP5ZO7DiuSZFe8.9xHfgzSuAdHo6Z4Ohumct76KBYLSSbiUKBxuaRTJq1s%26dib_tag%3Dse%26keywords%3Dlaptop%26qid%3D1749306840%26sr%3D8-17-spons%26sp_csd%3Dd2lkZ2V0TmFtZT1zcF9hdGZfbmV4dA%26psc%3D1
15,"HP 15, AMD Ryzen 5 7520U (8GB LPDDR5, 512GB SSD) Anti-Glare, FHD,15.6-inch (39.6 cm) Win 11, Office 21, FHD Camera with Privacy Shutter,15s-fc0155AU","35,990",https://amazon.in//sspa/click?ie=UTF8&spc=MTo4NTAzMzg5ODgwNDY4ODUwOjE3NDkzMDY4NDA6c3BfYXRmX25leHQ6MzAwNTgyMzg1MTkyMzMyOjowOjo&url=%2FHP-RyzenTM-15-6-inch-Speakers-15s-fc0155AU%2Fdp%2FB0CY2R1G3G%2Fref%3Dsr_1_18_sspa%3Fdib%3DeyJ2IjoiMSJ9.IruyASTNhyI_9OFVUcTOgBVGoCooKncFUOUT1fU7JastHBWVFgUy2RCA8IHt7c_GWZh9p-stdCRTnu-BrYHLt5-3E2_AZ7zQf7CuREZdhs7CfHaL9Xuj1ATWFf4VSje2lmo5Hd7ZGqJUDfnRO6-2ZFhWFHWTmqgL6bIQpadNLBjSDmm6_XuTAoXeJjbYc4i-K0ZiXznQbFzBdYkV2ZdspE1O1PNB2vP5ZO7DiuSZFe8.9xHfgzSuAdHo6Z4Ohumct76KBYLSSbiUKBxuaRTJq1s%26dib_tag%3Dse%26keywords%3Dlaptop%26qid%3D1749306840%26sr%3D8-18-spons%26sp_csd%3Dd2lkZ2V0TmFtZT1zcF9hdGZfbmV4dA%26psc%3D1
16,"Primebook S 4G, 2025(New, WiFi+4G) Android Based MediaTek MT8788 - (PrimeOS) 4G SIM Slot, Thin and Light Laptop (11.6 Inch, 1.065 Kg, Type C, USB, HDMI, MicroSD) (4GB/128GB eMMC Storage, Black)","16,490",https://amazon.in//Primebook-4G-Android-MediaTek-MT8788/dp/B0D1Y359QD/ref=sr_1_19?dib=eyJ2IjoiMSJ9.IruyASTNhyI_9OFVUcTOgBVGoCooKncFUOUT1fU7JastHBWVFgUy2RCA8IHt7c_GWZh9p-stdCRTnu-BrYHLt5-3E2_AZ7zQf7CuREZdhs7CfHaL9Xuj1ATWFf4VSje2lmo5Hd7ZGqJUDfnRO6-2ZFhWFHWTmqgL6bIQpadNLBjSDmm6_XuTAoXeJjbYc4i-K0ZiXznQbFzBdYkV2ZdspE1O1PNB2vP5ZO7DiuSZFe8.9xHfgzSuAdHo6Z4Ohumct76KBYLSSbiUKBxuaRTJq1s&dib_tag=se&keywords=laptop&qid=1749306840&sr=8-19
17,"Primebook 4G, 2025(New, WiFi+4G) Android Based MediaTek MT8788 - (PrimeOS) 4G SIM Slot, Thin and Light Laptop (11.6 Inch, 1.065 Kg, Type C, USB, HDMI, MicroSD) (4GB/64GB eMMC Storage, Black)","15,490",https://amazon.in//Primebook-Android-Based-MediaTek-MT8788/dp/B0D1Y3MVGL/ref=sr_1_20?dib=eyJ2IjoiMSJ9.IruyASTNhyI_9OFVUcTOgBVGoCooKncFUOUT1fU7JastHBWVFgUy2RCA8IHt7c_GWZh9p-stdCRTnu-BrYHLt5-3E2_AZ7zQf7CuREZdhs7CfHaL9Xuj1ATWFf4VSje2lmo5Hd7ZGqJUDfnRO6-2ZFhWFHWTmqgL6bIQpadNLBjSDmm6_XuTAoXeJjbYc4i-K0ZiXznQbFzBdYkV2ZdspE1O1PNB2vP5ZO7DiuSZFe8.9xHfgzSuAdHo6Z4Ohumct76KBYLSSbiUKBxuaRTJq1s&dib_tag=se&keywords=laptop&qid=1749306840&sr=8-20
18,"Lenovo IdeaPad Slim 3, Intel Core i5-12450H, 12th Gen, 16GB RAM, 512GB SSD, FHD, 14""/35.5cm, Windows 11, MS Office Home 2024, Grey, 1.37Kg, 83EQ0072IN, Alexa Built-in, 3 mon. Game Pass Laptop","48,990",https://amazon.in//Lenovo-IdeaPad-i5-12450H-Windows-83EQ0072IN/dp/B0DP7BZ8FD/ref=sr_1_21?dib=eyJ2IjoiMSJ9.IruyASTNhyI_9OFVUcTOgBVGoCooKncFUOUT1fU7JastHBWVFgUy2RCA8IHt7c_GWZh9p-stdCRTnu-BrYHLt5-3E2_AZ7zQf7CuREZdhs7CfHaL9Xuj1ATWFf4VSje2lmo5Hd7ZGqJUDfnRO6-2ZFhWFHWTmqgL6bIQpadNLBjSDmm6_XuTAoXeJjbYc4i-K0ZiXznQbFzBdYkV2ZdspE1O1PNB2vP5ZO7DiuSZFe8.9xHfgzSuAdHo6Z4Ohumct76KBYLSSbiUKBxuaRTJq1s&dib_tag=se&keywords=laptop&qid=1749306840&sr=8-21
19,"HP 15s, 12th Gen Intel Core i3-1215U Laptop (8GB DDR4, 512GB SSD) Anti-Glare, 15.6""/39.6cm,FHD, Win 11, MS Office 21, Silver, 1.69kg, Intel UHD Graphics, HD Camera, Dual Speakers, fy5006tu","33,990",https://amazon.in//sspa/click?ie=UTF8&spc=MToxMzI0OTkwNjczNjg1NDYwOjE3NDkzMDY4NDA6c3Bfc2VhcmNoX3RoZW1hdGljOjMwMDUzMzM5NTg2OTAzMjo6MDo6&url=%2FHP-i3-1215U-Anti-Glare-15-6inch-Graphics%2Fdp%2FB0CJBL2QWY%2Fref%3Dsxin_16_pa_sp_search_thematic_sspa%3Fcontent-id%3Damzn1.sym.24e1f0fb-6b39-49f5-b34a-4ebef8eaef82%253Aamzn1.sym.24e1f0fb-6b39-49f5-b34a-4ebef8eaef82%26cv_ct_cx%3Dlaptop%26keywords%3Dlaptop%26pd_rd_i%3DB0CJBL2QWY%26pd_rd_r%3Dfd0959ba-d957-43a4-8114-643b406de900%26pd_rd_w%3DtmAG2%26pd_rd_wg%3DtTOyY%26pf_rd_p%3D24e1f0fb-6b39-49f5-b34a-4ebef8eaef82%26pf_rd_r%3DXAX7BFMAE701V41ZM4PJ%26qid%3D1749306840%26sbo%3DRZvfv%252F%252FHxDF%252BO5021pAnSA%253D%253D%26sr%3D1-17-2ec22325-1003-449d-8aaf-c0bcc24717ae-spons%26sp_csd%3Dd2lkZ2V0TmFtZT1zcF9zZWFyY2hfdGhlbWF0aWM%26psc%3D1
20,"HP 15, 12th Gen Intel Core i5-1235U Laptop (16GB DDR4, 512GB SSD) Anti-Glare, 15.6""/39.6cm, FHD, Win 11, MSO 21, Silver, 1.69kg, Intel Iris Xe Graphics, HD Camera, Backlit Keyboard, fy5009tu/fd0111tu","50,490",https://amazon.in//sspa/click?ie=UTF8&spc=MToxMzI0OTkwNjczNjg1NDYwOjE3NDkzMDY4NDA6c3Bfc2VhcmNoX3RoZW1hdGljOjMwMDQ1NjIxNjE0MjIzMjo6MTo6&url=%2FHP-i5-1235U-Anti-Glare-Micro-Edge-fy5009tu%2Fdp%2FB0D4M66F6R%2Fref%3Dsxin_16_pa_sp_search_thematic_sspa%3Fcontent-id%3Damzn1.sym.24e1f0fb-6b39-49f5-b34a-4ebef8eaef82%253Aamzn1.sym.24e1f0fb-6b39-49f5-b34a-4ebef8eaef82%26cv_ct_cx%3Dlaptop%26keywords%3Dlaptop%26pd_rd_i%3DB0D4M66F6R%26pd_rd_r%3Dfd0959ba-d957-43a4-8114-643b406de900%26pd_rd_w%3DtmAG2%26pd_rd_wg%3DtTOyY%26pf_rd_p%3D24e1f0fb-6b39-49f5-b34a-4ebef8eaef82%26pf_rd_r%3DXAX7BFMAE701V41ZM4PJ%26qid%3D1749306840%26sbo%3DRZvfv%252F%252FHxDF%252BO5021pAnSA%253D%253D%26sr%3D1-18-2ec22325-1003-449d-8aaf-c0bcc24717ae-spons%26sp_csd%3Dd2lkZ2V0TmFtZT1zcF9zZWFyY2hfdGhlbWF0aWM%26psc%3D1
21,"Lenovo V15 AMD Ryzen 7 7730U 15.6"" (39.62cm) FHD 250 Nits Antiglare Thin and Light Laptop (Free MS Office) Lifetime (16GB/512GB SSD/Windows 11/Iron Grey/1.65 Kg) 1 Year Brand Warranty, 83CRA01SIN","44,990",https://amazon.in//sspa/click?ie=UTF8&spc=MToxMzI0OTkwNjczNjg1NDYwOjE3NDkzMDY4NDA6c3Bfc2VhcmNoX3RoZW1hdGljOjMwMDU3ODIyMDcxODMzMjo6Mjo6&url=%2FLenovo-V15-Antiglare-Lifetime-83CRA01SIN%2Fdp%2FB0DDY1HWZL%2Fref%3Dsxin_16_pa_sp_search_thematic_sspa%3Fcontent-id%3Damzn1.sym.24e1f0fb-6b39-49f5-b34a-4ebef8eaef82%253Aamzn1.sym.24e1f0fb-6b39-49f5-b34a-4ebef8eaef82%26cv_ct_cx%3Dlaptop%26keywords%3Dlaptop%26pd_rd_i%3DB0DDY1HWZL%26pd_rd_r%3Dfd0959ba-d957-43a4-8114-643b406de900%26pd_rd_w%3DtmAG2%26pd_rd_wg%3DtTOyY%26pf_rd_p%3D24e1f0fb-6b39-49f5-b34a-4ebef8eaef82%26pf_rd_r%3DXAX7BFMAE701V41ZM4PJ%26qid%3D1749306840%26sbo%3DRZvfv%252F%252FHxDF%252BO5021pAnSA%253D%253D%26sr%3D1-19-2ec22325-1003-449d-8aaf-c0bcc24717ae-spons%26sp_csd%3Dd2lkZ2V0TmFtZT1zcF9zZWFyY2hfdGhlbWF0aWM%26psc%3D1
22,"Lenovo IdeaPad Pro 5 Intel Evo Core Ultra 9 185H Built-in AI 14"" (35.5cm) 2.8K-OLED 400Nits 120Hz Laptop (32GB/1TB SSD/Intel Arc GPU/Win11/MSO 21/FHD+IR Cam/1Yr ADP Free/Grey/1.4Kg), 83D2001GIN","99,990",https://amazon.in//sspa/click?ie=UTF8&spc=MToxMzI0OTkwNjczNjg1NDYwOjE3NDkzMDY4NDA6c3Bfc2VhcmNoX3RoZW1hdGljOjMwMDQ1NjE3ODExOTYzMjo6Mzo6&url=%2FLenovo-IdeaPad-35-56cm-2-8K-OLED-83D2001GIN%2Fdp%2FB0CY2LDT1S%2Fref%3Dsxin_16_pa_sp_search_thematic_sspa%3Fcontent-id%3Damzn1.sym.24e1f0fb-6b39-49f5-b34a-4ebef8eaef82%253Aamzn1.sym.24e1f0fb-6b39-49f5-b34a-4ebef8eaef82%26cv_ct_cx%3Dlaptop%26keywords%3Dlaptop%26pd_rd_i%3DB0CY2LDT1S%26pd_rd_r%3Dfd0959ba-d957-43a4-8114-643b406de900%26pd_rd_w%3DtmAG2%26pd_rd_wg%3DtTOyY%26pf_rd_p%3D24e1f0fb-6b39-49f5-b34a-4ebef8eaef82%26pf_rd_r%3DXAX7BFMAE701V41ZM4PJ%26qid%3D1749306840%26sbo%3DRZvfv%252F%252FHxDF%252BO5021pAnSA%253D%253D%26sr%3D1-20-2ec22325-1003-449d-8aaf-c0bcc24717ae-spons%26sp_csd%3Dd2lkZ2V0TmFtZT1zcF9zZWFyY2hfdGhlbWF0aWM%26psc%3D1
23,"HP 15, 13th Gen Intel Core i5-1334U Laptop (16GB DDR4,512GB SSD) Anti-Glare, Micro-Edge,15.6''/39.6cm, FHD, Win11,M365,Office24, Silver,1.59kg, Iris Xe Graphics,FHD Camera w/Privacy Shutter, fd0577TU","56,990",https://amazon.in//sspa/click?ie=UTF8&spc=MTo1MDYwNDQ5NjIyNzA4OTc3OjE3NDkzMDY4MzU6c3Bfc2VhcmNoX3RoZW1hdGljOjMwMDU1OTY2MTEwNTgzMjo6MDo6&url=%2FHP-i5-1334U-Anti-Glare-Micro-Edge-fd0577TU%2Fdp%2FB0F4R6H3NB%2Fref%3Dsxin_15_pa_sp_search_thematic_sspa%3Fcontent-id%3Damzn1.sym.739e670d-dfb3-4be0-9815-d8c5c0372e07%253Aamzn1.sym.739e670d-dfb3-4be0-9815-d8c5c0372e07%26cv_ct_cx%3Dlaptop%26keywords%3Dlaptop%26pd_rd_i%3DB0F4R6H3NB%26pd_rd_r%3Db52b72be-45f9-4293-bf54-428bd8b6f2dc%26pd_rd_w%3DhY0Ng%26pd_rd_wg%3DY3Dl3%26pf_rd_p%3D739e670d-dfb3-4be0-9815-d8c5c0372e07%26pf_rd_r%3DF0FA8K7TEPBMJK1S6D5N%26qid%3D1749306835%26sbo%3DRZvfv%252F%252FHxDF%252BO5021pAnSA%253D%253D%26sr%3D1-1-66673dcf-083f-43ba-b782-d4a436cc5cfb-spons%26sp_csd%3Dd2lkZ2V0TmFtZT1zcF9zZWFyY2hfdGhlbWF0aWM%26psc%3D1
24,"Primebook S WiFi, 2025(New) Android Based MediaTek MT8183 - (PrimeOS) Thin and Light Laptop (11.6 Inch, 1.065 Kg, Type C) (4GB/128GB eMMC Storage)","14,490",https://amazon.in//sspa/click?ie=UTF8&spc=MToxMzI0OTkwNjczNjg1NDYwOjE3NDkzMDY4NDA6c3Bfc2VhcmNoX3RoZW1hdGljOjMwMDIwNDM1MjIyNTQzMjo6NDo6&url=%2FPrimebook-Android-Based-MediaTek-MT8183%2Fdp%2FB0D2Y4KLGN%2Fref%3Dsxin_16_pa_sp_search_thematic_sspa%3Fcontent-id%3Damzn1.sym.24e1f0fb-6b39-49f5-b34a-4ebef8eaef82%253Aamzn1.sym.24e1f0fb-6b39-49f5-b34a-4ebef8eaef82%26cv_ct_cx%3Dlaptop%26keywords%3Dlaptop%26pd_rd_i%3DB0D2Y4KLGN%26pd_rd_r%3Dfd0959ba-d957-43a4-8114-643b406de900%26pd_rd_w%3DtmAG2%26pd_rd_wg%3DtTOyY%26pf_rd_p%3D24e1f0fb-6b39-49f5-b34a-4ebef8eaef82%26pf_rd_r%3DXAX7BFMAE701V41ZM4PJ%26qid%3D1749306840%26sbo%3DRZvfv%252F%252FHxDF%252BO5021pAnSA%253D%253D%26sr%3D1-21-2ec22325-1003-449d-8aaf-c0bcc24717ae-spons%26sp_csd%3Dd2lkZ2V0TmFtZT1zcF9zZWFyY2hfdGhlbWF0aWM%26psc%3D1
25,STRIFF Adjustable Laptop Tabletop Stand Patented Riser Ventilated Portable Foldable Compatible with MacBook Notebook Tablet Tray Desk Table Book with Free Phone Stand (Black),249,https://amazon.in//STRIFF-Adjustable-Patented-Ventilated-Compatible/dp/B07XCM6T4N/ref=sr_1_22?dib=eyJ2IjoiMSJ9.IruyASTNhyI_9OFVUcTOgBVGoCooKncFUOUT1fU7JastHBWVFgUy2RCA8IHt7c_GWZh9p-stdCRTnu-BrYHLt5-3E2_AZ7zQf7CuREZdhs7CfHaL9Xuj1ATWFf4VSje2lmo5Hd7ZGqJUDfnRO6-2ZFhWFHWTmqgL6bIQpadNLBjSDmm6_XuTAoXeJjbYc4i-K0ZiXznQbFzBdYkV2ZdspE1O1PNB2vP5ZO7DiuSZFe8.9xHfgzSuAdHo6Z4Ohumct76KBYLSSbiUKBxuaRTJq1s&dib_tag=se&keywords=laptop&qid=1749306840&sr=8-22
26,"Acer [SmartChoice Aspire 3 Laptop Intel Core Celeron N4500 Processor Laptop (8 GB LPDDR4X SDRAM/256 GB SSD/Win11 Home/38 WHR/HD Webcam) A325-45 with 39.63 cm (15.6"") HD Display, Pure Silver, 1.5 KG","21,990",https://amazon.in//Acer-Celeron-Processor-LPDDR4X-A325-45/dp/B0D7PTFFZH/ref=sr_1_23?dib=eyJ2IjoiMSJ9.IruyASTNhyI_9OFVUcTOgBVGoCooKncFUOUT1fU7JastHBWVFgUy2RCA8IHt7c_GWZh9p-stdCRTnu-BrYHLt5-3E2_AZ7zQf7CuREZdhs7CfHaL9Xuj1ATWFf4VSje2lmo5Hd7ZGqJUDfnRO6-2ZFhWFHWTmqgL6bIQpadNLBjSDmm6_XuTAoXeJjbYc4i-K0ZiXznQbFzBdYkV2ZdspE1O1PNB2vP5ZO7DiuSZFe8.9xHfgzSuAdHo6Z4Ohumct76KBYLSSbiUKBxuaRTJq1s&dib_tag=se&keywords=laptop&qid=1749306840&sr=8-23
27,"FUTOPIA ULTIMUS PRO Intel Dual Core ~2.8GHz (4 GB/128 GB EMMC Storage/Windows 11 Home) NU14U6INC43BN-CS Thin and Light Laptop (14 Inch, Cloud Silver, 1.2 kg)","11,480",https://amazon.in//FUTOPIA-ULTIMUS-2-8GHz-Storage-NU14U6INC43BN-CS/dp/B0F26L99HK/ref=sr_1_24?dib=eyJ2IjoiMSJ9.IruyASTNhyI_9OFVUcTOgBVGoCooKncFUOUT1fU7JastHBWVFgUy2RCA8IHt7c_GWZh9p-stdCRTnu-BrYHLt5-3E2_AZ7zQf7CuREZdhs7CfHaL9Xuj1ATWFf4VSje2lmo5Hd7ZGqJUDfnRO6-2ZFhWFHWTmqgL6bIQpadNLBjSDmm6_XuTAoXeJjbYc4i-K0ZiXznQbFzBdYkV2ZdspE1O1PNB2vP5ZO7DiuSZFe8.9xHfgzSuAdHo6Z4Ohumct76KBYLSSbiUKBxuaRTJq1s&dib_tag=se&keywords=laptop&qid=1749306840&sr=8-24
28,"Cable World Educational Laptop Computer Toy Educational Computer for Kids Above 3 Years - 20 Fun Activity Learning Machine, Now Learn Letter, Words, Games, Mathematics, Music, Logic, Memory Tool,Blue",749,https://amazon.in//Cable-Tricycle-Dancing-Battery-Operated/dp/B08BJC3HXK/ref=sr_1_25?dib=eyJ2IjoiMSJ9.IruyASTNhyI_9OFVUcTOgBVGoCooKncFUOUT1fU7JastHBWVFgUy2RCA8IHt7c_GWZh9p-stdCRTnu-BrYHLt5-3E2_AZ7zQf7CuREZdhs7CfHaL9Xuj1ATWFf4VSje2lmo5Hd7ZGqJUDfnRO6-2ZFhWFHWTmqgL6bIQpadNLBjSDmm6_XuTAoXeJjbYc4i-K0ZiXznQbFzBdYkV2ZdspE1O1PNB2vP5ZO7DiuSZFe8.9xHfgzSuAdHo6Z4Ohumct76KBYLSSbiUKBxuaRTJq1s&dib_tag=se&keywords=laptop&qid=1749306840&sr=8-25
29,"Lenovo V15 Intel Celeron N4500 15.6"" (39.62 cm) FHD (1920x1080) Antiglare 250 Nits Thin and Light Laptop (8GB RAM/256GB SSD/Windows 11 Home/Black/1Y Onsite/1.7 kg), 82QYA00MIN","20,990",https://amazon.in//Lenovo-Celeron-1920x1080-Antiglare-82QYA00MIN/dp/B0C28FKJXG/ref=sr_1_26?dib=eyJ2IjoiMSJ9.IruyASTNhyI_9OFVUcTOgBVGoCooKncFUOUT1fU7JastHBWVFgUy2RCA8IHt7c_GWZh9p-stdCRTnu-BrYHLt5-3E2_AZ7zQf7CuREZdhs7CfHaL9Xuj1ATWFf4VSje2lmo5Hd7ZGqJUDfnRO6-2ZFhWFHWTmqgL6bIQpadNLBjSDmm6_XuTAoXeJjbYc4i-K0ZiXznQbFzBdYkV2ZdspE1O1PNB2vP5ZO7DiuSZFe8.9xHfgzSuAdHo6Z4Ohumct76KBYLSSbiUKBxuaRTJq1s&dib_tag=se&keywords=laptop&qid=1749306840&sr=8-26
30,"HP 15, AMD Ryzen 5 7520U, 16GB DDR5, 512GB SSD, (Win 11, Office 21, Silver, 1.59kg), Anti-Glare, Micro-Edge, 15.6-inch(39.6cm), FHD Laptop, AMD Radeon Graphics, 1080p FHD Camera, Backlit KB, fc0156AU","41,490",https://amazon.in//sspa/click?ie=UTF8&spc=MTo4NTAzMzg5ODgwNDY4ODUwOjE3NDkzMDY4NDA6c3BfbXRmOjMwMDU4MjM4NTE5MjQzMjo6MDo6&url=%2FHP-RyzenTM-15-6-inch-Speakers-15s-fc0156AU%2Fdp%2FB0CY2PLQ8N%2Fref%3Dsr_1_27_sspa%3Fdib%3DeyJ2IjoiMSJ9.IruyASTNhyI_9OFVUcTOgBVGoCooKncFUOUT1fU7JastHBWVFgUy2RCA8IHt7c_GWZh9p-stdCRTnu-BrYHLt5-3E2_AZ7zQf7CuREZdhs7CfHaL9Xuj1ATWFf4VSje2lmo5Hd7ZGqJUDfnRO6-2ZFhWFHWTmqgL6bIQpadNLBjSDmm6_XuTAoXeJjbYc4i-K0ZiXznQbFzBdYkV2ZdspE1O1PNB2vP5ZO7DiuSZFe8.9xHfgzSuAdHo6Z4Ohumct76KBYLSSbiUKBxuaRTJq1s%26dib_tag%3Dse%26keywords%3Dlaptop%26qid%3D1749306840%26sr%3D8-27-spons%26sp_csd%3Dd2lkZ2V0TmFtZT1zcF9tdGY%26psc%3D1
31,"Lenovo IdeaPad Slim 3, Intel Core i3, 12th Gen, 8GB RAM, 512GB SSD, FHD, 15.6""/39.62cm, Windows 11, Office Home 2024, Arctic Grey, 1.63Kg, 82RK01ABIN, Intel UHD Graphics, 1Yr ADP Free Laptop","33,290",https://amazon.in//sspa/click?ie=UTF8&spc=MTo4NTAzMzg5ODgwNDY4ODUwOjE3NDkzMDY4NDA6c3BfbXRmOjMwMDQ1NjIxNjE0MDUzMjo6MDo6&url=%2FLenovo-IdeaPad-39-62cm-Warranty-82RK006DIN%2Fdp%2FB0B4JPC8GT%2Fref%3Dsr_1_28_sspa%3Fdib%3DeyJ2IjoiMSJ9.IruyASTNhyI_9OFVUcTOgBVGoCooKncFUOUT1fU7JastHBWVFgUy2RCA8IHt7c_GWZh9p-stdCRTnu-BrYHLt5-3E2_AZ7zQf7CuREZdhs7CfHaL9Xuj1ATWFf4VSje2lmo5Hd7ZGqJUDfnRO6-2ZFhWFHWTmqgL6bIQpadNLBjSDmm6_XuTAoXeJjbYc4i-K0ZiXznQbFzBdYkV2ZdspE1O1PNB2vP5ZO7DiuSZFe8.9xHfgzSuAdHo6Z4Ohumct76KBYLSSbiUKBxuaRTJq1s%26dib_tag%3Dse%26keywords%3Dlaptop%26qid%3D1749306840%26sr%3D8-28-spons%26sp_csd%3Dd2lkZ2V0TmFtZT1zcF9tdGY%26psc%3D1
32,"Lenovo Ideapad 5 2-in-1 AMD Ryzen 7 8845HS 14"" (35.5cm) WUXGA IPS 300Nits Convertible Laptop (16GB/512GB SSD/Win 11/Office Home 2024/Backlit KB/FPR/FHD Camera/Grey/1.6kg), 83DR003BIN","73,991",https://amazon.in//Lenovo-Ideapad-Convertible-Mon-Game-83DR003BIN/dp/B0D45125BJ/ref=sr_1_29?dib=eyJ2IjoiMSJ9.IruyASTNhyI_9OFVUcTOgBVGoCooKncFUOUT1fU7JastHBWVFgUy2RCA8IHt7c_GWZh9p-stdCRTnu-BrYHLt5-3E2_AZ7zQf7CuREZdhs7CfHaL9Xuj1ATWFf4VSje2lmo5Hd7ZGqJUDfnRO6-2ZFhWFHWTmqgL6bIQpadNLBjSDmm6_XuTAoXeJjbYc4i-K0ZiXznQbFzBdYkV2ZdspE1O1PNB2vP5ZO7DiuSZFe8.9xHfgzSuAdHo6Z4Ohumct76KBYLSSbiUKBxuaRTJq1s&dib_tag=se&keywords=laptop&qid=1749306840&sr=8-29
33,"Dyazo 6 Angles Adjustable Aluminum Ergonomic Foldable Portable Tabletop Laptop/Desktop Riser Stand Holder Compatible for MacBook, HP, Dell, Lenovo & All Other Notebook (Silver)",349,https://amazon.in//Dyazo-Computer-Adjustable-Ergonomic-Compatible/dp/B08LHTJTBB/ref=sr_1_30?dib=eyJ2IjoiMSJ9.IruyASTNhyI_9OFVUcTOgBVGoCooKncFUOUT1fU7JastHBWVFgUy2RCA8IHt7c_GWZh9p-stdCRTnu-BrYHLt5-3E2_AZ7zQf7CuREZdhs7CfHaL9Xuj1ATWFf4VSje2lmo5Hd7ZGqJUDfnRO6-2ZFhWFHWTmqgL6bIQpadNLBjSDmm6_XuTAoXeJjbYc4i-K0ZiXznQbFzBdYkV2ZdspE1O1PNB2vP5ZO7DiuSZFe8.9xHfgzSuAdHo6Z4Ohumct76KBYLSSbiUKBxuaRTJq1s&dib_tag=se&keywords=laptop&qid=1749306840&sr=8-30
34,"HP 15, 13th Gen Intel Core i3-1315U Laptop (8GB DDR4,512GB SSD) Anti-Glare, Micro-Edge,15.6'' FHD, Backlit KB,Win11,M365 Basic(1yr),Office Home24, Silver,1.59kg, FHD Camera w/Privacy Shutter, fd0572TU","38,990",https://amazon.in//sspa/click?ie=UTF8&spc=MTo1MDYwNDQ5NjIyNzA4OTc3OjE3NDkzMDY4MzU6c3Bfc2VhcmNoX3RoZW1hdGljOjMwMDU2MTY4NzkyNjIzMjo6MTo6&url=%2FHP-i3-1315U-Anti-Glare-Micro-Edge-fd0572TU%2Fdp%2FB0F4R6GXWJ%2Fref%3Dsxin_15_pa_sp_search_thematic_sspa%3Fcontent-id%3Damzn1.sym.739e670d-dfb3-4be0-9815-d8c5c0372e07%253Aamzn1.sym.739e670d-dfb3-4be0-9815-d8c5c0372e07%26cv_ct_cx%3Dlaptop%26keywords%3Dlaptop%26pd_rd_i%3DB0F4R6GXWJ%26pd_rd_r%3Db52b72be-45f9-4293-bf54-428bd8b6f2dc%26pd_rd_w%3DhY0Ng%26pd_rd_wg%3DY3Dl3%26pf_rd_p%3D739e670d-dfb3-4be0-9815-d8c5c0372e07%26pf_rd_r%3DF0FA8K7TEPBMJK1S6D5N%26qid%3D1749306835%26sbo%3DRZvfv%252F%252FHxDF%252BO5021pAnSA%253D%253D%26sr%3D1-2-66673dcf-083f-43ba-b782-d4a436cc5cfb-spons%26sp_csd%3Dd2lkZ2V0TmFtZT1zcF9zZWFyY2hfdGhlbWF0aWM%26psc%3D1
35,"ULTIMUS PRO Intel Celeron Dual Core 2.8 GHz | 8GB RAM | 256GB SSD (Expandable upto 512GB) | 14.1"" IPS | 178Â° Wide Viewing Angle | Intel HD Graphics | Windows 11 Home | Lightweight 1.2Kg | Black","14,980",https://amazon.in//ULTIMUS-Celeron-Expandable-Graphics-Lightweight/dp/B0F79CBNXJ/ref=sr_1_31?dib=eyJ2IjoiMSJ9.IruyASTNhyI_9OFVUcTOgBVGoCooKncFUOUT1fU7JastHBWVFgUy2RCA8IHt7c_GWZh9p-stdCRTnu-BrYHLt5-3E2_AZ7zQf7CuREZdhs7CfHaL9Xuj1ATWFf4VSje2lmo5Hd7ZGqJUDfnRO6-2ZFhWFHWTmqgL6bIQpadNLBjSDmm6_XuTAoXeJjbYc4i-K0ZiXznQbFzBdYkV2ZdspE1O1PNB2vP5ZO7DiuSZFe8.9xHfgzSuAdHo6Z4Ohumct76KBYLSSbiUKBxuaRTJq1s&dib_tag=se&keywords=laptop&qid=1749306840&sr=8-31
36,"HP Victus Gaming Laptop, 12th Gen Intel Core i7-12650H, 4GB RTX 3050 GPU, 15.6-inch (39.6 cm), FHD, IPS, 144Hz, 16GB DDR4, 1TB SSD, Backlit KB, B&O, Dual Speakers (MSO, Silver, 2.29 kg), fa0187TX","74,990",https://amazon.in//HP-I7-12650H-Geforce-Technology-15-Fa0187Tx/dp/B0CR6M3RJ5/ref=sr_1_32?dib=eyJ2IjoiMSJ9.IruyASTNhyI_9OFVUcTOgBVGoCooKncFUOUT1fU7JastHBWVFgUy2RCA8IHt7c_GWZh9p-stdCRTnu-BrYHLt5-3E2_AZ7zQf7CuREZdhs7CfHaL9Xuj1ATWFf4VSje2lmo5Hd7ZGqJUDfnRO6-2ZFhWFHWTmqgL6bIQpadNLBjSDmm6_XuTAoXeJjbYc4i-K0ZiXznQbFzBdYkV2ZdspE1O1PNB2vP5ZO7DiuSZFe8.9xHfgzSuAdHo6Z4Ohumct76KBYLSSbiUKBxuaRTJq1s&dib_tag=se&keywords=laptop&qid=1749306840&sr=8-32
37,"Lenovo IdeaPad Pro 5 Intel Evo Core Ultra 9 185H Built-in AI 14"" (35.5cm) 2.8K-OLED 400Nits 120Hz Laptop (32GB/1TB SSD/Intel Arc GPU/Win11/MSO 21/FHD+IR Cam/1Yr ADP Free/Grey/1.4Kg), 83D2001GIN","99,990",https://amazon.in//Lenovo-IdeaPad-35-56cm-2-8K-OLED-83D2001GIN/dp/B0CY2LDT1S/ref=sr_1_33?dib=eyJ2IjoiMSJ9.IruyASTNhyI_9OFVUcTOgBVGoCooKncFUOUT1fU7JastHBWVFgUy2RCA8IHt7c_GWZh9p-stdCRTnu-BrYHLt5-3E2_AZ7zQf7CuREZdhs7CfHaL9Xuj1ATWFf4VSje2lmo5Hd7ZGqJUDfnRO6-2ZFhWFHWTmqgL6bIQpadNLBjSDmm6_XuTAoXeJjbYc4i-K0ZiXznQbFzBdYkV2ZdspE1O1PNB2vP5ZO7DiuSZFe8.9xHfgzSuAdHo6Z4Ohumct76KBYLSSbiUKBxuaRTJq1s&dib_tag=se&keywords=laptop&qid=1749306840&sr=8-33
38,"Walker Thin & Light Laptop,14.1""(4GB RAM,128GB SSD)| FHD IPS Display 1920 * 1080 Resolution | Celeron Processor N4020 (Gemini Lake)| UHD Graphics 600|Webcam | Windows 11 Home | Champagne Gold","12,990",https://amazon.in//Walker-Notebook-Laptop-PC-Model/dp/B0CGX5B5TZ/ref=sr_1_34?dib=eyJ2IjoiMSJ9.IruyASTNhyI_9OFVUcTOgBVGoCooKncFUOUT1fU7JastHBWVFgUy2RCA8IHt7c_GWZh9p-stdCRTnu-BrYHLt5-3E2_AZ7zQf7CuREZdhs7CfHaL9Xuj1ATWFf4VSje2lmo5Hd7ZGqJUDfnRO6-2ZFhWFHWTmqgL6bIQpadNLBjSDmm6_XuTAoXeJjbYc4i-K0ZiXznQbFzBdYkV2ZdspE1O1PNB2vP5ZO7DiuSZFe8.9xHfgzSuAdHo6Z4Ohumct76KBYLSSbiUKBxuaRTJq1s&dib_tag=se&keywords=laptop&qid=1749306840&sr=8-34
39,"HP 15, 13th Gen Intel Core i3-1315U, 8GB DDR4, 512GB SSD, (Win 11, Office 21, Grey, 1.59kg), Anti-Glare, Micro-Edge,15.6-inch(39.6cm), FHD Laptop, Intel UHD Graphics, 1080p FHD Camera, fd0006TU","37,290",https://amazon.in//HP-i3-1315U-Anti-Glare-Micro-Edge-15-6-inch/dp/B0C3RF3HT3/ref=sr_1_35?dib=eyJ2IjoiMSJ9.IruyASTNhyI_9OFVUcTOgBVGoCooKncFUOUT1fU7JastHBWVFgUy2RCA8IHt7c_GWZh9p-stdCRTnu-BrYHLt5-3E2_AZ7zQf7CuREZdhs7CfHaL9Xuj1ATWFf4VSje2lmo5Hd7ZGqJUDfnRO6-2ZFhWFHWTmqgL6bIQpadNLBjSDmm6_XuTAoXeJjbYc4i-K0ZiXznQbFzBdYkV2ZdspE1O1PNB2vP5ZO7DiuSZFe8.9xHfgzSuAdHo6Z4Ohumct76KBYLSSbiUKBxuaRTJq1s&dib_tag=se&keywords=laptop&qid=1749306840&sr=8-35
40,"Dell Inspiron 3530 Thin & Light Laptop, 13th Gen Intel Core i3-1305U Processor, 8GB, 512GB SSD, 15.6"" (39.62cm) FHD 120Hz 250nits, Standard Keyboard, Windows 11+MSO'21 & 15 Month McAfee, Black, 1.62kg","35,490",https://amazon.in//Dell-Inspiron-i3-1305U-Processor-Standard/dp/B0DSFQ2XC7/ref=sr_1_36?dib=eyJ2IjoiMSJ9.IruyASTNhyI_9OFVUcTOgBVGoCooKncFUOUT1fU7JastHBWVFgUy2RCA8IHt7c_GWZh9p-stdCRTnu-BrYHLt5-3E2_AZ7zQf7CuREZdhs7CfHaL9Xuj1ATWFf4VSje2lmo5Hd7ZGqJUDfnRO6-2ZFhWFHWTmqgL6bIQpadNLBjSDmm6_XuTAoXeJjbYc4i-K0ZiXznQbFzBdYkV2ZdspE1O1PNB2vP5ZO7DiuSZFe8.9xHfgzSuAdHo6Z4Ohumct76KBYLSSbiUKBxuaRTJq1s&dib_tag=se&keywords=laptop&qid=1749306840&sr=8-36
41,"HP 15s, 12th Gen Intel Core i3-1215U Laptop (8GB DDR4, 512GB SSD) Anti-Glare, 15.6""/39.6cm,FHD, Win 11, MS Office 21, Silver, 1.69kg, Intel UHD Graphics, HD Camera, Dual Speakers, fy5006tu","33,990",https://amazon.in//sspa/click?ie=UTF8&spc=MTo4NTAzMzg5ODgwNDY4ODUwOjE3NDkzMDY4NDA6c3BfYnRmOjMwMDUzMzM5NTg2OTAzMjo6MDo6&url=%2FHP-i3-1215U-Anti-Glare-15-6inch-Graphics%2Fdp%2FB0CJBL2QWY%2Fref%3Dsr_1_37_sspa%3Fdib%3DeyJ2IjoiMSJ9.IruyASTNhyI_9OFVUcTOgBVGoCooKncFUOUT1fU7JastHBWVFgUy2RCA8IHt7c_GWZh9p-stdCRTnu-BrYHLt5-3E2_AZ7zQf7CuREZdhs7CfHaL9Xuj1ATWFf4VSje2lmo5Hd7ZGqJUDfnRO6-2ZFhWFHWTmqgL6bIQpadNLBjSDmm6_XuTAoXeJjbYc4i-K0ZiXznQbFzBdYkV2ZdspE1O1PNB2vP5ZO7DiuSZFe8.9xHfgzSuAdHo6Z4Ohumct76KBYLSSbiUKBxuaRTJq1s%26dib_tag%3Dse%26keywords%3Dlaptop%26qid%3D1749306840%26sr%3D8-37-spons%26sp_csd%3Dd2lkZ2V0TmFtZT1zcF9idGY%26psc%3D1
42,"Lenovo IdeaPad Slim 3, Intel Core i5-12450H, 12th Gen, 16GB RAM, 512GB SSD, FHD, 14""/35.5cm, Windows 11, MS Office Home 2024, Grey, 1.37Kg, 83EQ0072IN, Alexa Built-in, 3 mon. Game Pass Laptop","48,990",https://amazon.in//sspa/click?ie=UTF8&spc=MTo4NTAzMzg5ODgwNDY4ODUwOjE3NDkzMDY4NDA6c3BfYnRmOjMwMDQ1NjIxNjE0MzkzMjo6MDo6&url=%2FLenovo-IdeaPad-i5-12450H-Windows-83EQ0072IN%2Fdp%2FB0DP7BZ8FD%2Fref%3Dsr_1_38_sspa%3Fdib%3DeyJ2IjoiMSJ9.IruyASTNhyI_9OFVUcTOgBVGoCooKncFUOUT1fU7JastHBWVFgUy2RCA8IHt7c_GWZh9p-stdCRTnu-BrYHLt5-3E2_AZ7zQf7CuREZdhs7CfHaL9Xuj1ATWFf4VSje2lmo5Hd7ZGqJUDfnRO6-2ZFhWFHWTmqgL6bIQpadNLBjSDmm6_XuTAoXeJjbYc4i-K0ZiXznQbFzBdYkV2ZdspE1O1PNB2vP5ZO7DiuSZFe8.9xHfgzSuAdHo6Z4Ohumct76KBYLSSbiUKBxuaRTJq1s%26dib_tag%3Dse%26keywords%3Dlaptop%26qid%3D1749306840%26sr%3D8-38-spons%26sp_csd%3Dd2lkZ2V0TmFtZT1zcF9idGY%26psc%3D1
43,"HP 15, Intel Core Ultra 5 125H Laptop (16GB DDR5,1TB SSD) IPS, Anti-Glare, Micro-Edge, 15.6''/39.6cm, FHD, Win11,M365 Basic(1yr),Office Home24,Silver,1.65kg, FHD Camera w/Shutter, Backlit, fd1255TU","68,490",https://amazon.in//sspa/click?ie=UTF8&spc=MTo1MTE1NzEzODY5OTM4NzAzOjE3NDkzMDY4NDY6c3BfYXRmX25leHQ6MzAwNTU5NjIzNjMyNzMyOjowOjo&url=%2FHP-Anti-Glare-Micro-Edge-Shutter-fd1255TU%2Fdp%2FB0F5B1N9SJ%2Fref%3Dsr_1_33_sspa%3Fdib%3DeyJ2IjoiMSJ9.N0-xh1caL4By4_wzPi4hrFTf7DslS41NDs5cFEiFKeP5r9tVWv7oZfpdlrl8oRERy_4y-EJrzQVr9kBW18S8zKBFFS-14px3_NkCLqUDq7Hcd7dZceltRZfs7aNfO-K1k1wMtWMRBZhTU-JPwVkhfGTFJlEAWSPBjaNwqWux2i_0JOG4ELnsJzFQCqynM_UQpzhaEwlJuHXbfH5Lq4HHWb9u7ZFPessfFfW91WtmWQc.JFTPtUwoArYSu04RSkG9WoBEue1AFBfY4xd3FokBj5c%26dib_tag%3Dse%26keywords%3Dlaptop%26qid%3D1749306846%26sr%3D8-33-spons%26sp_csd%3Dd2lkZ2V0TmFtZT1zcF9hdGZfbmV4dA%26psc%3D1
44,"Lenovo IdeaPad 3, Intel Core i3-1215U, 12th Gen, 8GB RAM, 512GB SSD, FHD, 14""/35.5cm, Windows 11, MSOffice 2021, Arctic Grey, 1.43Kg, 82RJ00FUIN, 1 Year Warranty, 3months Game Pass, Thin& Light Laptop","32,990",https://amazon.in//sspa/click?ie=UTF8&spc=MTo1MTE1NzEzODY5OTM4NzAzOjE3NDkzMDY4NDY6c3BfYXRmX25leHQ6MzAwNDU2MjE2MTQ0NjMyOjowOjo&url=%2FLenovo-IdeaPad-i3-1215U-Warranty-82RJ00FUIN%2Fdp%2FB0DFH99H7X%2Fref%3Dsr_1_34_sspa%3Fdib%3DeyJ2IjoiMSJ9.N0-xh1caL4By4_wzPi4hrFTf7DslS41NDs5cFEiFKeP5r9tVWv7oZfpdlrl8oRERy_4y-EJrzQVr9kBW18S8zKBFFS-14px3_NkCLqUDq7Hcd7dZceltRZfs7aNfO-K1k1wMtWMRBZhTU-JPwVkhfGTFJlEAWSPBjaNwqWux2i_0JOG4ELnsJzFQCqynM_UQpzhaEwlJuHXbfH5Lq4HHWb9u7ZFPessfFfW91WtmWQc.JFTPtUwoArYSu04RSkG9WoBEue1AFBfY4xd3FokBj5c%26dib_tag%3Dse%26keywords%3Dlaptop%26qid%3D1749306846%26sr%3D8-34-spons%26sp_csd%3Dd2lkZ2V0TmFtZT1zcF9hdGZfbmV4dA%26psc%3D1
45,"HP 15, Intel Core Ultra 5 125H Laptop (16GB DDR5,1TB SSD) IPS, Anti-Glare, Micro-Edge, 15.6''/39.6cm, FHD, Win11,M365 Basic(1yr),Office Home24,Silver,1.65kg, FHD Camera w/Shutter, Backlit, fd1255TU","68,490",https://amazon.in//sspa/click?ie=UTF8&spc=MTo1MDYwNDQ5NjIyNzA4OTc3OjE3NDkzMDY4MzU6c3Bfc2VhcmNoX3RoZW1hdGljOjMwMDU1OTYyMzYzMjczMjo6Mjo6&url=%2FHP-Anti-Glare-Micro-Edge-Shutter-fd1255TU%2Fdp%2FB0F5B1N9SJ%2Fref%3Dsxin_15_pa_sp_search_thematic_sspa%3Fcontent-id%3Damzn1.sym.739e670d-dfb3-4be0-9815-d8c5c0372e07%253Aamzn1.sym.739e670d-dfb3-4be0-9815-d8c5c0372e07%26cv_ct_cx%3Dlaptop%26keywords%3Dlaptop%26pd_rd_i%3DB0F5B1N9SJ%26pd_rd_r%3Db52b72be-45f9-4293-bf54-428bd8b6f2dc%26pd_rd_w%3DhY0Ng%26pd_rd_wg%3DY3Dl3%26pf_rd_p%3D739e670d-dfb3-4be0-9815-d8c5c0372e07%26pf_rd_r%3DF0FA8K7TEPBMJK1S6D5N%26qid%3D1749306835%26sbo%3DRZvfv%252F%252FHxDF%252BO5021pAnSA%253D%253D%26sr%3D1-3-66673dcf-083f-43ba-b782-d4a436cc5cfb-spons%26sp_csd%3Dd2lkZ2V0TmFtZT1zcF9zZWFyY2hfdGhlbWF0aWM%26psc%3D1
46,"Primebook S WiFi, 2025(New) Android Based MediaTek MT8183 - (PrimeOS) Thin and Light Laptop (11.6 Inch, 1.065 Kg, Type C) (4GB/128GB eMMC Storage)","14,490",https://amazon.in//Primebook-Android-Based-MediaTek-MT8183/dp/B0D2Y4KLGN/ref=sr_1_35?dib=eyJ2IjoiMSJ9.N0-xh1caL4By4_wzPi4hrFTf7DslS41NDs5cFEiFKeP5r9tVWv7oZfpdlrl8oRERy_4y-EJrzQVr9kBW18S8zKBFFS-14px3_NkCLqUDq7Hcd7dZceltRZfs7aNfO-K1k1wMtWMRBZhTU-JPwVkhfGTFJlEAWSPBjaNwqWux2i_0JOG4ELnsJzFQCqynM_UQpzhaEwlJuHXbfH5Lq4HHWb9u7ZFPessfFfW91WtmWQc.JFTPtUwoArYSu04RSkG9WoBEue1AFBfY4xd3FokBj5c&dib_tag=se&keywords=laptop&qid=1749306846&sr=8-35
47,"ASUS Vivobook 16X 12th Gen, Intel Core i5-12500H Creator/Gaming Laptop(NVIDIA RTX 2050-4GB/16GB/512GB/FHD+/16.0""/144Hz/Windows 11/M365 Basic (1Year)*/Office Home 2024/Silver/1.67 kg) K3605ZF-RP458WS","56,385",https://amazon.in//ASUS-Vivobook-i5-12500H-2050-4GB-K3605ZF-RP458WS/dp/B0DS2DQD9L/ref=sr_1_36?dib=eyJ2IjoiMSJ9.N0-xh1caL4By4_wzPi4hrFTf7DslS41NDs5cFEiFKeP5r9tVWv7oZfpdlrl8oRERy_4y-EJrzQVr9kBW18S8zKBFFS-14px3_NkCLqUDq7Hcd7dZceltRZfs7aNfO-K1k1wMtWMRBZhTU-JPwVkhfGTFJlEAWSPBjaNwqWux2i_0JOG4ELnsJzFQCqynM_UQpzhaEwlJuHXbfH5Lq4HHWb9u7ZFPessfFfW91WtmWQc.JFTPtUwoArYSu04RSkG9WoBEue1AFBfY4xd3FokBj5c&dib_tag=se&keywords=laptop&qid=1749306846&sr=8-36
48,"EDNITA Mini Laptop Stand for Desk | Portable Metal PC Desk Stand, Aluminium Cooling Pad Mini Clip Compatible with MacBook Apple Laptop, Lenovo, Dell, Hp, Acer & Other Laptops Pack of-2 (Silver)",198,https://amazon.in//EDNITA-Portable-Aluminium-Cooling-Compatible/dp/B0D7Z944C7/ref=sr_1_37?dib=eyJ2IjoiMSJ9.N0-xh1caL4By4_wzPi4hrFTf7DslS41NDs5cFEiFKeP5r9tVWv7oZfpdlrl8oRERy_4y-EJrzQVr9kBW18S8zKBFFS-14px3_NkCLqUDq7Hcd7dZceltRZfs7aNfO-K1k1wMtWMRBZhTU-JPwVkhfGTFJlEAWSPBjaNwqWux2i_0JOG4ELnsJzFQCqynM_UQpzhaEwlJuHXbfH5Lq4HHWb9u7ZFPessfFfW91WtmWQc.JFTPtUwoArYSu04RSkG9WoBEue1AFBfY4xd3FokBj5c&dib_tag=se&keywords=laptop&qid=1749306846&sr=8-37
49,"Dell Latitude 3440/Core i3-1215U/8GB/512GB SSD/14 HD/Windows 11 Pro, Intel Dual Band Wi-Fi + BT5.1/UBU/1 Year Warranty with 1Y ADP","29,211",https://amazon.in//Dell-Latitude-i3-1215U-Warranty-INDLati3440N1-1/dp/B0CSKDDGPG/ref=sr_1_38?dib=eyJ2IjoiMSJ9.N0-xh1caL4By4_wzPi4hrFTf7DslS41NDs5cFEiFKeP5r9tVWv7oZfpdlrl8oRERy_4y-EJrzQVr9kBW18S8zKBFFS-14px3_NkCLqUDq7Hcd7dZceltRZfs7aNfO-K1k1wMtWMRBZhTU-JPwVkhfGTFJlEAWSPBjaNwqWux2i_0JOG4ELnsJzFQCqynM_UQpzhaEwlJuHXbfH5Lq4HHWb9u7ZFPessfFfW91WtmWQc.JFTPtUwoArYSu04RSkG9WoBEue1AFBfY4xd3FokBj5c&dib_tag=se&keywords=laptop&qid=1749306846&sr=8-38
50,"Sounce Mouse Pad Speed Type Mouse Pad with Antifray Stitched Embroidery Edges, Non-Slip Rubber Base Mousepad for Laptop PC (260mm x 210mm x 2mm) (Black)",99,https://amazon.in//Sounce-Antifray-Stitched-Embroidery-Non-Slip/dp/B0BSR2N5W9/ref=sr_1_39?dib=eyJ2IjoiMSJ9.N0-xh1caL4By4_wzPi4hrFTf7DslS41NDs5cFEiFKeP5r9tVWv7oZfpdlrl8oRERy_4y-EJrzQVr9kBW18S8zKBFFS-14px3_NkCLqUDq7Hcd7dZceltRZfs7aNfO-K1k1wMtWMRBZhTU-JPwVkhfGTFJlEAWSPBjaNwqWux2i_0JOG4ELnsJzFQCqynM_UQpzhaEwlJuHXbfH5Lq4HHWb9u7ZFPessfFfW91WtmWQc.JFTPtUwoArYSu04RSkG9WoBEue1AFBfY4xd3FokBj5c&dib_tag=se&keywords=laptop&qid=1749306846&sr=8-39
51,"Dell Alienware M16 R2 Gaming Laptop,Ai Enabled Intel Ultra 9 185H, 32GB DDR5, 1TB SSD,Nvidia RTX 4070 8 Gb GDDR6, 16"" (40.6Cm) QHD+ 240Hz,Nvidia G-Sync +Alienfx RGB Backlit Kb, Dark Metallic, 2.61Kg","2,15,474.",https://amazon.in//Dell-Smartchoice-Alienware-Alienfx-Metallic/dp/B0CYLXD4K5/ref=sr_1_40?dib=eyJ2IjoiMSJ9.N0-xh1caL4By4_wzPi4hrFTf7DslS41NDs5cFEiFKeP5r9tVWv7oZfpdlrl8oRERy_4y-EJrzQVr9kBW18S8zKBFFS-14px3_NkCLqUDq7Hcd7dZceltRZfs7aNfO-K1k1wMtWMRBZhTU-JPwVkhfGTFJlEAWSPBjaNwqWux2i_0JOG4ELnsJzFQCqynM_UQpzhaEwlJuHXbfH5Lq4HHWb9u7ZFPessfFfW91WtmWQc.JFTPtUwoArYSu04RSkG9WoBEue1AFBfY4xd3FokBj5c&dib_tag=se&keywords=laptop&qid=1749306846&sr=8-40
52,"HP 15s, 12th Gen Intel Core i3-1215U Laptop (8GB DDR4, 512GB SSD) Anti-Glare, 15.6""/39.6cm, FHD, Win 11, MS Office 21, Silver, 1.69kg, Intel UHD Graphics, HD Camera, Dual Speakers, fy5011TU","34,490",https://amazon.in//HP-i3-1215U-Anti-Glare-15-6-inch-Graphics/dp/B0D4LZMJ5Z/ref=sr_1_41?dib=eyJ2IjoiMSJ9.N0-xh1caL4By4_wzPi4hrFTf7DslS41NDs5cFEiFKeP5r9tVWv7oZfpdlrl8oRERy_4y-EJrzQVr9kBW18S8zKBFFS-14px3_NkCLqUDq7Hcd7dZceltRZfs7aNfO-K1k1wMtWMRBZhTU-JPwVkhfGTFJlEAWSPBjaNwqWux2i_0JOG4ELnsJzFQCqynM_UQpzhaEwlJuHXbfH5Lq4HHWb9u7ZFPessfFfW91WtmWQc.JFTPtUwoArYSu04RSkG9WoBEue1AFBfY4xd3FokBj5c&dib_tag=se&keywords=laptop&qid=1749306846&sr=8-41
53,"Dell 15 Thin & Light Laptop, Intel Core i5-1235U Processor/16GB DDR4 + 512GB SSD/Intel UHD Graphics/15.6"" (39.62cm) FHD Display/Win 11 + MSO'21/15 Month McAfee/Carbon Black/Spill Resistant KB/1.69kg","49,761",https://amazon.in//Dell-15-Processor-Antivirus-Spill-Resistant/dp/B0BQJ7WR2R/ref=sr_1_42?dib=eyJ2IjoiMSJ9.N0-xh1caL4By4_wzPi4hrFTf7DslS41NDs5cFEiFKeP5r9tVWv7oZfpdlrl8oRERy_4y-EJrzQVr9kBW18S8zKBFFS-14px3_NkCLqUDq7Hcd7dZceltRZfs7aNfO-K1k1wMtWMRBZhTU-JPwVkhfGTFJlEAWSPBjaNwqWux2i_0JOG4ELnsJzFQCqynM_UQpzhaEwlJuHXbfH5Lq4HHWb9u7ZFPessfFfW91WtmWQc.JFTPtUwoArYSu04RSkG9WoBEue1AFBfY4xd3FokBj5c&dib_tag=se&keywords=laptop&qid=1749306846&sr=8-42
54,"MSI Modern 14, Intel 12Th Gen. I7-1255U, 36Cm FHD 60Hz Laptop(16GB/512GB NVME SSD/Windows 11 Home/Bluetooth/Mso 2021/Intel Iris Xe Graphics/Classic Black/1.4Kg), C12MO-1211IN","45,450",https://amazon.in//sspa/click?ie=UTF8&spc=MTo1MTE1NzEzODY5OTM4NzAzOjE3NDkzMDY4NDY6c3BfbXRmOjMwMDQ1NjIxNjE0MjQzMjo6MDo6&url=%2FMSI-I7-1255U-Bluetooth-Graphics-C12MO-1211IN%2Fdp%2FB0BV2FF71G%2Fref%3Dsr_1_43_sspa%3Fdib%3DeyJ2IjoiMSJ9.N0-xh1caL4By4_wzPi4hrFTf7DslS41NDs5cFEiFKeP5r9tVWv7oZfpdlrl8oRERy_4y-EJrzQVr9kBW18S8zKBFFS-14px3_NkCLqUDq7Hcd7dZceltRZfs7aNfO-K1k1wMtWMRBZhTU-JPwVkhfGTFJlEAWSPBjaNwqWux2i_0JOG4ELnsJzFQCqynM_UQpzhaEwlJuHXbfH5Lq4HHWb9u7ZFPessfFfW91WtmWQc.JFTPtUwoArYSu04RSkG9WoBEue1AFBfY4xd3FokBj5c%26dib_tag%3Dse%26keywords%3Dlaptop%26qid%3D1749306846%26sr%3D8-43-spons%26sp_csd%3Dd2lkZ2V0TmFtZT1zcF9tdGY%26psc%3D1
55,"Lenovo IdeaPad Slim 3, Intel Core i5-12450H 12th Gen, 16GB RAM, 512GB SSD, FHD 250Nits, 14""/35.5cm, Windows 11, MSOffice 21, Grey, 1.37Kg, 83EQ005VIN,1Yr Warranty,Alexa Built-in,3 mon. GamePass Laptop","49,700",https://amazon.in//sspa/click?ie=UTF8&spc=MTo1MTE1NzEzODY5OTM4NzAzOjE3NDkzMDY4NDY6c3BfbXRmOjMwMDQ1NjIxNjE0MjEzMjo6MDo6&url=%2FLenovo-IdeaPad-i5-12450H-Warranty-83EQ005VIN%2Fdp%2FB0D6MPVN7B%2Fref%3Dsr_1_44_sspa%3Fdib%3DeyJ2IjoiMSJ9.N0-xh1caL4By4_wzPi4hrFTf7DslS41NDs5cFEiFKeP5r9tVWv7oZfpdlrl8oRERy_4y-EJrzQVr9kBW18S8zKBFFS-14px3_NkCLqUDq7Hcd7dZceltRZfs7aNfO-K1k1wMtWMRBZhTU-JPwVkhfGTFJlEAWSPBjaNwqWux2i_0JOG4ELnsJzFQCqynM_UQpzhaEwlJuHXbfH5Lq4HHWb9u7ZFPessfFfW91WtmWQc.JFTPtUwoArYSu04RSkG9WoBEue1AFBfY4xd3FokBj5c%26dib_tag%3Dse%26keywords%3Dlaptop%26qid%3D1749306846%26sr%3D8-44-spons%26sp_csd%3Dd2lkZ2V0TmFtZT1zcF9tdGY%26psc%3D1
56,"HP 15, 12th Gen Intel Core i5-1235U Laptop (16GB DDR4, 512GB SSD) Anti-Glare, 15.6""/39.6cm, FHD, Win 11, MSO 21, Silver, 1.69kg, Intel Iris Xe Graphics, HD Camera, Backlit Keyboard, fy5009tu/fd0111tu","50,490",https://amazon.in//sspa/click?ie=UTF8&spc=MTo1MDYwNDQ5NjIyNzA4OTc3OjE3NDkzMDY4MzU6c3Bfc2VhcmNoX3RoZW1hdGljOjMwMDQ1NjIxNjE0MjIzMjo6Mzo6&url=%2FHP-i5-1235U-Anti-Glare-Micro-Edge-fy5009tu%2Fdp%2FB0D4M66F6R%2Fref%3Dsxin_15_pa_sp_search_thematic_sspa%3Fcontent-id%3Damzn1.sym.739e670d-dfb3-4be0-9815-d8c5c0372e07%253Aamzn1.sym.739e670d-dfb3-4be0-9815-d8c5c0372e07%26cv_ct_cx%3Dlaptop%26keywords%3Dlaptop%26pd_rd_i%3DB0D4M66F6R%26pd_rd_r%3Db52b72be-45f9-4293-bf54-428bd8b6f2dc%26pd_rd_w%3DhY0Ng%26pd_rd_wg%3DY3Dl3%26pf_rd_p%3D739e670d-dfb3-4be0-9815-d8c5c0372e07%26pf_rd_r%3DF0FA8K7TEPBMJK1S6D5N%26qid%3D1749306835%26sbo%3DRZvfv%252F%252FHxDF%252BO5021pAnSA%253D%253D%26sr%3D1-4-66673dcf-083f-43ba-b782-d4a436cc5cfb-spons%26sp_csd%3Dd2lkZ2V0TmFtZT1zcF9zZWFyY2hfdGhlbWF0aWM%26psc%3D1
57,"Sounce 3 in 1 Cleaning Set for Screen PC, Laptops, Monitors, Mobiles, LCD, LED, TV/Professional Quality/Prevents Static Electricity, 100ml with Micro Fiber Cloth and Soft Brush",149,https://amazon.in//Sounce-Cleaning-Monitors-Professional-Electricity/dp/B0BSLRB8NJ/ref=sr_1_45?dib=eyJ2IjoiMSJ9.N0-xh1caL4By4_wzPi4hrFTf7DslS41NDs5cFEiFKeP5r9tVWv7oZfpdlrl8oRERy_4y-EJrzQVr9kBW18S8zKBFFS-14px3_NkCLqUDq7Hcd7dZceltRZfs7aNfO-K1k1wMtWMRBZhTU-JPwVkhfGTFJlEAWSPBjaNwqWux2i_0JOG4ELnsJzFQCqynM_UQpzhaEwlJuHXbfH5Lq4HHWb9u7ZFPessfFfW91WtmWQc.JFTPtUwoArYSu04RSkG9WoBEue1AFBfY4xd3FokBj5c&dib_tag=se&keywords=laptop&qid=1749306846&sr=8-45
58,"Lenovo IdeaPad Slim 3 Core i5 13420H (16GB RAM/512GB SSD/15.6"" (39.6cm)/Integrated Intel UHD Graphics/Windows 11/Office Home 2024/1 Year ADP Free/Grey/1.6Kg), 83EM00H0IN Laptop","57,890",https://amazon.in//Lenovo-IdeaPad-Integrated-Graphics-83EM00H0IN/dp/B0DPWRX9V6/ref=sr_1_46?dib=eyJ2IjoiMSJ9.N0-xh1caL4By4_wzPi4hrFTf7DslS41NDs5cFEiFKeP5r9tVWv7oZfpdlrl8oRERy_4y-EJrzQVr9kBW18S8zKBFFS-14px3_NkCLqUDq7Hcd7dZceltRZfs7aNfO-K1k1wMtWMRBZhTU-JPwVkhfGTFJlEAWSPBjaNwqWux2i_0JOG4ELnsJzFQCqynM_UQpzhaEwlJuHXbfH5Lq4HHWb9u7ZFPessfFfW91WtmWQc.JFTPtUwoArYSu04RSkG9WoBEue1AFBfY4xd3FokBj5c&dib_tag=se&keywords=laptop&qid=1749306846&sr=8-46
59,"HP 15, AMD Ryzen 5 7520U, 16GB DDR5, 512GB SSD, (Win 11, Office 21, Silver, 1.59kg), Anti-Glare, Micro-Edge, 15.6-inch(39.6cm), FHD Laptop, AMD Radeon Graphics, 1080p FHD Camera, Backlit KB, fc0156AU","41,490",https://amazon.in//HP-RyzenTM-15-6-inch-Speakers-15s-fc0156AU/dp/B0CY2PLQ8N/ref=sr_1_47?dib=eyJ2IjoiMSJ9.N0-xh1caL4By4_wzPi4hrFTf7DslS41NDs5cFEiFKeP5r9tVWv7oZfpdlrl8oRERy_4y-EJrzQVr9kBW18S8zKBFFS-14px3_NkCLqUDq7Hcd7dZceltRZfs7aNfO-K1k1wMtWMRBZhTU-JPwVkhfGTFJlEAWSPBjaNwqWux2i_0JOG4ELnsJzFQCqynM_UQpzhaEwlJuHXbfH5Lq4HHWb9u7ZFPessfFfW91WtmWQc.JFTPtUwoArYSu04RSkG9WoBEue1AFBfY4xd3FokBj5c&dib_tag=se&keywords=laptop&qid=1749306846&sr=8-47
60,"Lenovo V15 AMD Ryzen 3 7320U 15.6"" (39.62cm) FHD 250 Nits Antiglare Thin and Light Laptop (8GB/512GB SSD/Windows 11 Home/Arctic Grey/1.63 Kg), 83CQ000XIN","26,990",https://amazon.in//Lenovo-39-62cm-Antiglare-Windows-83CQ000XIN/dp/B0DVGQPW13/ref=sr_1_48?dib=eyJ2IjoiMSJ9.N0-xh1caL4By4_wzPi4hrFTf7DslS41NDs5cFEiFKeP5r9tVWv7oZfpdlrl8oRERy_4y-EJrzQVr9kBW18S8zKBFFS-14px3_NkCLqUDq7Hcd7dZceltRZfs7aNfO-K1k1wMtWMRBZhTU-JPwVkhfGTFJlEAWSPBjaNwqWux2i_0JOG4ELnsJzFQCqynM_UQpzhaEwlJuHXbfH5Lq4HHWb9u7ZFPessfFfW91WtmWQc.JFTPtUwoArYSu04RSkG9WoBEue1AFBfY4xd3FokBj5c&dib_tag=se&keywords=laptop&qid=1749306846&sr=8-48
61,"Lenovo LOQ 2024, AMD Ryzen 7 7435HS, NVIDIA RTX 4060-8GB, 24GB RAM, 512GB SSD, 15.6""/39.6cm, Windows 11, MS Office Home 2024, Grey, 2.4Kg, 83JC00EHIN, 100% sRGB, 3 Mon. Game Pass Gaming Laptop","91,990",https://amazon.in//Lenovo-7435HS-4060-8GB-Windows-83JC00EHIN/dp/B0DPQJZ3JR/ref=sr_1_49?dib=eyJ2IjoiMSJ9.N0-xh1caL4By4_wzPi4hrFTf7DslS41NDs5cFEiFKeP5r9tVWv7oZfpdlrl8oRERy_4y-EJrzQVr9kBW18S8zKBFFS-14px3_NkCLqUDq7Hcd7dZceltRZfs7aNfO-K1k1wMtWMRBZhTU-JPwVkhfGTFJlEAWSPBjaNwqWux2i_0JOG4ELnsJzFQCqynM_UQpzhaEwlJuHXbfH5Lq4HHWb9u7ZFPessfFfW91WtmWQc.JFTPtUwoArYSu04RSkG9WoBEue1AFBfY4xd3FokBj5c&dib_tag=se&keywords=laptop&qid=1749306846&sr=8-49
62,"Lenovo V15 Intel Core i7 12th Gen 15.6"" (39.62 cm) FHD (1920x1080) Antiglare 250 nits Thin and Light Laptop (16GB RAM/512GB SSD/Windows 11 Home/Iron Grey/1Y Onsite/1.7 kg), 82TTA08AIN","44,990",https://amazon.in//Lenovo-1920x1080-Antiglare-Windows-82TTA08AIN/dp/B0CJTRM3QW/ref=sr_1_50?dib=eyJ2IjoiMSJ9.N0-xh1caL4By4_wzPi4hrFTf7DslS41NDs5cFEiFKeP5r9tVWv7oZfpdlrl8oRERy_4y-EJrzQVr9kBW18S8zKBFFS-14px3_NkCLqUDq7Hcd7dZceltRZfs7aNfO-K1k1wMtWMRBZhTU-JPwVkhfGTFJlEAWSPBjaNwqWux2i_0JOG4ELnsJzFQCqynM_UQpzhaEwlJuHXbfH5Lq4HHWb9u7ZFPessfFfW91WtmWQc.JFTPtUwoArYSu04RSkG9WoBEue1AFBfY4xd3FokBj5c&dib_tag=se&keywords=laptop&qid=1749306846&sr=8-50
63,"HP (Smartchoice Omen AMD Ryzen 7 7840Hs/16.1""(40.9cm) AI Gaming Laptop 7Ms Response Time(8gb RTX 4060/16GB DDR5/SSD,1TB) FHD,IPS,165Hz,300Nits(win11,Black,2.32kg),Xd0020Ax","1,05,490",https://amazon.in//7840Hs-40-9cm-Response-300Nits-Xd0020Ax/dp/B0CCVZP835/ref=sr_1_51?dib=eyJ2IjoiMSJ9.N0-xh1caL4By4_wzPi4hrFTf7DslS41NDs5cFEiFKeP5r9tVWv7oZfpdlrl8oRERy_4y-EJrzQVr9kBW18S8zKBFFS-14px3_NkCLqUDq7Hcd7dZceltRZfs7aNfO-K1k1wMtWMRBZhTU-JPwVkhfGTFJlEAWSPBjaNwqWux2i_0JOG4ELnsJzFQCqynM_UQpzhaEwlJuHXbfH5Lq4HHWb9u7ZFPessfFfW91WtmWQc.JFTPtUwoArYSu04RSkG9WoBEue1AFBfY4xd3FokBj5c&dib_tag=se&keywords=laptop&qid=1749306846&sr=8-51
64,"ASUS Vivobook 15, Intel Core i3-1215U, 16GB RAM, 512GB SSD, FHD 1920x1080, 1.2 GHz, 15.6"", Windows 11, MS Office Home, Cool Silver, 1.7KG, X1504ZA-NJ342WS, Integrated Graphics, Thin & Light Laptop","35,749",https://amazon.in//ASUS-Vivobook-1920x1080-X1504ZA-NJ342WS-Integrated/dp/B09KBC64HS/ref=sr_1_52?dib=eyJ2IjoiMSJ9.N0-xh1caL4By4_wzPi4hrFTf7DslS41NDs5cFEiFKeP5r9tVWv7oZfpdlrl8oRERy_4y-EJrzQVr9kBW18S8zKBFFS-14px3_NkCLqUDq7Hcd7dZceltRZfs7aNfO-K1k1wMtWMRBZhTU-JPwVkhfGTFJlEAWSPBjaNwqWux2i_0JOG4ELnsJzFQCqynM_UQpzhaEwlJuHXbfH5Lq4HHWb9u7ZFPessfFfW91WtmWQc.JFTPtUwoArYSu04RSkG9WoBEue1AFBfY4xd3FokBj5c&dib_tag=se&keywords=laptop&qid=1749306846&sr=8-52
65,"Dell 15 3520 Thin & Light Laptop, Intel Core i3-1215U Processor, 12th Gen (8GB RAM /512GB SSD /Window 11 /MS Office' 21 /15.6""(39.62 Cm) FHD Display /Intel UHD Graphics/15 Month Mcafee /Black /1.69Kg","38,363.",https://amazon.in//sspa/click?ie=UTF8&spc=MTo1MTE1NzEzODY5OTM4NzAzOjE3NDkzMDY4NDY6c3BfYnRmOjMwMDQ1NjIxNjE0MzczMjo6MDo6&url=%2FDell-Smartchoice-i3-1215U-Processor-Spill-Resistant%2Fdp%2FB0BQJ68HHC%2Fref%3Dsr_1_53_sspa%3Fdib%3DeyJ2IjoiMSJ9.N0-xh1caL4By4_wzPi4hrFTf7DslS41NDs5cFEiFKeP5r9tVWv7oZfpdlrl8oRERy_4y-EJrzQVr9kBW18S8zKBFFS-14px3_NkCLqUDq7Hcd7dZceltRZfs7aNfO-K1k1wMtWMRBZhTU-JPwVkhfGTFJlEAWSPBjaNwqWux2i_0JOG4ELnsJzFQCqynM_UQpzhaEwlJuHXbfH5Lq4HHWb9u7ZFPessfFfW91WtmWQc.JFTPtUwoArYSu04RSkG9WoBEue1AFBfY4xd3FokBj5c%26dib_tag%3Dse%26keywords%3Dlaptop%26qid%3D1749306846%26sr%3D8-53-spons%26sp_csd%3Dd2lkZ2V0TmFtZT1zcF9idGY%26psc%3D1
66,"HP 15s, 12th Gen Intel Core i3-1215U Laptop (8GB DDR4, 512GB SSD) Anti-Glare, 15.6""/39.6cm, FHD, Win 11, MS Office 21, Silver, 1.69kg, Intel UHD Graphics, HD Camera, Dual Speakers, fy5011TU","34,490",https://amazon.in//sspa/click?ie=UTF8&spc=MTo1MTE1NzEzODY5OTM4NzAzOjE3NDkzMDY4NDY6c3BfYnRmOjMwMDQ1NjIxNjE0MDYzMjo6MDo6&url=%2FHP-i3-1215U-Anti-Glare-15-6-inch-Graphics%2Fdp%2FB0D4LZMJ5Z%2Fref%3Dsr_1_54_sspa%3Fdib%3DeyJ2IjoiMSJ9.N0-xh1caL4By4_wzPi4hrFTf7DslS41NDs5cFEiFKeP5r9tVWv7oZfpdlrl8oRERy_4y-EJrzQVr9kBW18S8zKBFFS-14px3_NkCLqUDq7Hcd7dZceltRZfs7aNfO-K1k1wMtWMRBZhTU-JPwVkhfGTFJlEAWSPBjaNwqWux2i_0JOG4ELnsJzFQCqynM_UQpzhaEwlJuHXbfH5Lq4HHWb9u7ZFPessfFfW91WtmWQc.JFTPtUwoArYSu04RSkG9WoBEue1AFBfY4xd3FokBj5c%26dib_tag%3Dse%26keywords%3Dlaptop%26qid%3D1749306846%26sr%3D8-54-spons%26sp_csd%3Dd2lkZ2V0TmFtZT1zcF9idGY%26psc%3D1
67,"Lenovo V15 G4 AMD Ryzen 5 7520U 15.6 inch FHD Thin & Lite Laptop, AMD Graphics, 16GB DDR5 5500Mhz Ram, 512GB SSD, Dolby Audio,Premium Grey, 1 Year Onsite Brand Warranty","34,990",https://amazon.in//sspa/click?ie=UTF8&spc=MTo1MDYwNDQ5NjIyNzA4OTc3OjE3NDkzMDY4MzU6c3Bfc2VhcmNoX3RoZW1hdGljOjMwMDU3NjI5MzkyNTYzMjo6NDo6&url=%2FLenovo-Graphics-5500Mhz-Windows-Warranty%2Fdp%2FB0F7HRM9JX%2Fref%3Dsxin_15_pa_sp_search_thematic_sspa%3Fcontent-id%3Damzn1.sym.739e670d-dfb3-4be0-9815-d8c5c0372e07%253Aamzn1.sym.739e670d-dfb3-4be0-9815-d8c5c0372e07%26cv_ct_cx%3Dlaptop%26keywords%3Dlaptop%26pd_rd_i%3DB0F7HRM9JX%26pd_rd_r%3Db52b72be-45f9-4293-bf54-428bd8b6f2dc%26pd_rd_w%3DhY0Ng%26pd_rd_wg%3DY3Dl3%26pf_rd_p%3D739e670d-dfb3-4be0-9815-d8c5c0372e07%26pf_rd_r%3DF0FA8K7TEPBMJK1S6D5N%26qid%3D1749306835%26sbo%3DRZvfv%252F%252FHxDF%252BO5021pAnSA%253D%253D%26sr%3D1-5-66673dcf-083f-43ba-b782-d4a436cc5cfb-spons%26sp_csd%3Dd2lkZ2V0TmFtZT1zcF9zZWFyY2hfdGhlbWF0aWM%26psc%3D1
68,"HP 15s Core i5 12th Gen (8GB RAM/512GB SSD/FHD/15.6"" (39.6 cm)/Windows 11/MS Office/Backlit Keyboard/Silver/1.69 kg) fq5329TU Laptop","47,450",https://amazon.in//sspa/click?ie=UTF8&spc=MTo1ODI2NDUyNTczNTI2MzE2OjE3NDkzMDY4NTE6c3BfYXRmX25leHQ6MzAwNTMzMzk1ODY5NDMyOjowOjo&url=%2FHP-Windows-Backlit-Keyboard-fq5329TU%2Fdp%2FB0CJM5Z6FY%2Fref%3Dsr_1_49_sspa%3Fdib%3DeyJ2IjoiMSJ9.4sE_1yWnX7TwaGBiOx6wR7_YRVUAMhwmc6QdjKGSA_1U6RcN045LKBGvnAmCLaxD7fWSZiQBIhYOexKPnI3Xd7hH8n4SfTljm6h3o7a7srtknsE8cMdMSwe5lj6YRxXm9OLLUAHyVT2-O9_nXyIoYfsc1l8O3JglTbgbVSJSlQQ5Jin-1E1hYW4hHmRHVNZowQqAqUe-SACn5i4gi_qckLoAstV4jvA8pHbDFii5uME.1-uOqkfW-IiNb3FjA4fgv0oOJGOokUOeLcPtx6Jphx8%26dib_tag%3Dse%26keywords%3Dlaptop%26qid%3D1749306851%26sr%3D8-49-spons%26sp_csd%3Dd2lkZ2V0TmFtZT1zcF9hdGZfbmV4dA%26psc%3D1
69,"Chuwi GemiBook X Pro 14.1"" Laptop, 8GB LPDDR5 RAM 256GB SSD, Windows 11, Intel 12th Gen N100(up to 3.4GHz), WiFi 6, USB3.0, Webcam, Bluetooth 5.2, 38Wh, 1.46kg (Iron Gray)","18,990",https://amazon.in//sspa/click?ie=UTF8&spc=MTo1ODI2NDUyNTczNTI2MzE2OjE3NDkzMDY4NTE6c3BfYXRmX25leHQ6MzAwNTYxMjUxNTY2MDMyOjowOjo&url=%2FChuwi-GemiBook-Pro-Windows-Bluetooth%2Fdp%2FB0CP96SSRP%2Fref%3Dsr_1_50_sspa%3Fdib%3DeyJ2IjoiMSJ9.4sE_1yWnX7TwaGBiOx6wR7_YRVUAMhwmc6QdjKGSA_1U6RcN045LKBGvnAmCLaxD7fWSZiQBIhYOexKPnI3Xd7hH8n4SfTljm6h3o7a7srtknsE8cMdMSwe5lj6YRxXm9OLLUAHyVT2-O9_nXyIoYfsc1l8O3JglTbgbVSJSlQQ5Jin-1E1hYW4hHmRHVNZowQqAqUe-SACn5i4gi_qckLoAstV4jvA8pHbDFii5uME.1-uOqkfW-IiNb3FjA4fgv0oOJGOokUOeLcPtx6Jphx8%26dib_tag%3Dse%26keywords%3Dlaptop%26qid%3D1749306851%26sr%3D8-50-spons%26sp_csd%3Dd2lkZ2V0TmFtZT1zcF9hdGZfbmV4dA%26psc%3D1
70,"Zebronics NC5500D Powerful Laptop Cooler with Dual 125mm Fans, Silent Operation, Adjustable Fan Speed, Display, Controls, USB, 5 Step Retractable Stand and Mobile Holder",799,https://amazon.in//Zebronics-Powerful-Operation-Adjustable-Retractable/dp/B0C663VVP1/ref=sr_1_51?dib=eyJ2IjoiMSJ9.4sE_1yWnX7TwaGBiOx6wR7_YRVUAMhwmc6QdjKGSA_1U6RcN045LKBGvnAmCLaxD7fWSZiQBIhYOexKPnI3Xd7hH8n4SfTljm6h3o7a7srtknsE8cMdMSwe5lj6YRxXm9OLLUAHyVT2-O9_nXyIoYfsc1l8O3JglTbgbVSJSlQQ5Jin-1E1hYW4hHmRHVNZowQqAqUe-SACn5i4gi_qckLoAstV4jvA8pHbDFii5uME.1-uOqkfW-IiNb3FjA4fgv0oOJGOokUOeLcPtx6Jphx8&dib_tag=se&keywords=laptop&qid=1749306851&sr=8-51
71,"Logitech M186 Wireless Mouse, 2.4GHz with USB Mini Receiver, 12-Month Battery Life, 1000 DPI Optical Tracking, Ambidextrous, Compatible with PC, Mac, Laptop",629,https://amazon.in//Logitech-Wireless-Receiver-Ambidextrous-Compatible/dp/B0D18192T2/ref=sr_1_52?dib=eyJ2IjoiMSJ9.4sE_1yWnX7TwaGBiOx6wR7_YRVUAMhwmc6QdjKGSA_1U6RcN045LKBGvnAmCLaxD7fWSZiQBIhYOexKPnI3Xd7hH8n4SfTljm6h3o7a7srtknsE8cMdMSwe5lj6YRxXm9OLLUAHyVT2-O9_nXyIoYfsc1l8O3JglTbgbVSJSlQQ5Jin-1E1hYW4hHmRHVNZowQqAqUe-SACn5i4gi_qckLoAstV4jvA8pHbDFii5uME.1-uOqkfW-IiNb3FjA4fgv0oOJGOokUOeLcPtx6Jphx8&dib_tag=se&keywords=laptop&qid=1749306851&sr=8-52
72,"Lenovo Legion 9 2024 Intel Core i9-14900HX 16"" (40.64cm) 3.2K Mini LED 1200Nits 165Hz Gaming Laptop (64GB/2TB SSD/Win 11/Office 2021/NVIDIA RTX 4090 16GB/3 Month Game Pass/Black/2.6Kg), 83G0003AIN","4,29,990",https://amazon.in//Lenovo-i9-14900HX-40-64cm-1200Nits-83G0003AIN/dp/B0D6BG9GL8/ref=sr_1_53?dib=eyJ2IjoiMSJ9.4sE_1yWnX7TwaGBiOx6wR7_YRVUAMhwmc6QdjKGSA_1U6RcN045LKBGvnAmCLaxD7fWSZiQBIhYOexKPnI3Xd7hH8n4SfTljm6h3o7a7srtknsE8cMdMSwe5lj6YRxXm9OLLUAHyVT2-O9_nXyIoYfsc1l8O3JglTbgbVSJSlQQ5Jin-1E1hYW4hHmRHVNZowQqAqUe-SACn5i4gi_qckLoAstV4jvA8pHbDFii5uME.1-uOqkfW-IiNb3FjA4fgv0oOJGOokUOeLcPtx6Jphx8&dib_tag=se&keywords=laptop&qid=1749306851&sr=8-53
73,"ASUS ROG Strix Scar 16 (2024), Intel Core i9 14900HX 14th Gen, 16""(40.64cm) 2.5K QHD+240Hz, Gaming Laptop (32GB DDR5/2TB SSD/12GB RTX 4080/Win11/Per-Key RGB/90WHr/Black/2.65Kg),G634JZR-CM932WS","2,79,990",https://amazon.in//ASUS-14900HX-40-64cm-Gaming-G634JZR-CM932WS/dp/B0CV17QD1G/ref=sr_1_54?dib=eyJ2IjoiMSJ9.4sE_1yWnX7TwaGBiOx6wR7_YRVUAMhwmc6QdjKGSA_1U6RcN045LKBGvnAmCLaxD7fWSZiQBIhYOexKPnI3Xd7hH8n4SfTljm6h3o7a7srtknsE8cMdMSwe5lj6YRxXm9OLLUAHyVT2-O9_nXyIoYfsc1l8O3JglTbgbVSJSlQQ5Jin-1E1hYW4hHmRHVNZowQqAqUe-SACn5i4gi_qckLoAstV4jvA8pHbDFii5uME.1-uOqkfW-IiNb3FjA4fgv0oOJGOokUOeLcPtx6Jphx8&dib_tag=se&keywords=laptop&qid=1749306851&sr=8-54
74,"HP Victus, 13th Gen Intel Core i7-13620H, 8GB NVIDIA RTX 4060 Gaming Laptop (16GB RAM, 512GB SSD) 144Hz, IPS, 15.6''/39.6cm, FHD, Win11, Office21, Mica Silver, 2.29Kg, Enhanced Cooling, fa1276TX","96,900",https://amazon.in//HP-i7-13620H-Office21-Enhanced-fa1276TX/dp/B0DRW3D7LK/ref=sr_1_55?dib=eyJ2IjoiMSJ9.4sE_1yWnX7TwaGBiOx6wR7_YRVUAMhwmc6QdjKGSA_1U6RcN045LKBGvnAmCLaxD7fWSZiQBIhYOexKPnI3Xd7hH8n4SfTljm6h3o7a7srtknsE8cMdMSwe5lj6YRxXm9OLLUAHyVT2-O9_nXyIoYfsc1l8O3JglTbgbVSJSlQQ5Jin-1E1hYW4hHmRHVNZowQqAqUe-SACn5i4gi_qckLoAstV4jvA8pHbDFii5uME.1-uOqkfW-IiNb3FjA4fgv0oOJGOokUOeLcPtx6Jphx8&dib_tag=se&keywords=laptop&qid=1749306851&sr=8-55
75,"HP Laptop 240R G9 (2024), Intel Core i3 13th Gen 1315U - (16GB/512GB SSD/Intel UHD Graphics/Windows 11 Home) Thin and Light Business Laptop/14 (35.56cm)/Ash Grey/1.47 kg/MS Office 2021","33,990",https://amazon.in//HP-Laptop-240R-Intel-1315U/dp/B0DKG9DPB1/ref=sr_1_56?dib=eyJ2IjoiMSJ9.4sE_1yWnX7TwaGBiOx6wR7_YRVUAMhwmc6QdjKGSA_1U6RcN045LKBGvnAmCLaxD7fWSZiQBIhYOexKPnI3Xd7hH8n4SfTljm6h3o7a7srtknsE8cMdMSwe5lj6YRxXm9OLLUAHyVT2-O9_nXyIoYfsc1l8O3JglTbgbVSJSlQQ5Jin-1E1hYW4hHmRHVNZowQqAqUe-SACn5i4gi_qckLoAstV4jvA8pHbDFii5uME.1-uOqkfW-IiNb3FjA4fgv0oOJGOokUOeLcPtx6Jphx8&dib_tag=se&keywords=laptop&qid=1749306851&sr=8-56
76,"ACER One 14 AMD Ryzen 3 Dual Core 3250U - (8 GB/512 GB SSD/Windows 11 Home) Z2-493 Thin and Light Laptop (14 inch HD Display, Silver, 1.5 Kg) 2 Years Brand Warranty","22,999",https://amazon.in//ACER-Ryzen-Dual-Core-3250U/dp/B0F3354GDC/ref=sr_1_57?dib=eyJ2IjoiMSJ9.4sE_1yWnX7TwaGBiOx6wR7_YRVUAMhwmc6QdjKGSA_1U6RcN045LKBGvnAmCLaxD7fWSZiQBIhYOexKPnI3Xd7hH8n4SfTljm6h3o7a7srtknsE8cMdMSwe5lj6YRxXm9OLLUAHyVT2-O9_nXyIoYfsc1l8O3JglTbgbVSJSlQQ5Jin-1E1hYW4hHmRHVNZowQqAqUe-SACn5i4gi_qckLoAstV4jvA8pHbDFii5uME.1-uOqkfW-IiNb3FjA4fgv0oOJGOokUOeLcPtx6Jphx8&dib_tag=se&keywords=laptop&qid=1749306851&sr=8-57
77,"Dyazo Water Resistant Laptop Sleeve/Laptop case/laptop cover with Handle Compatible for 15 Inch to 15.6"" Inches laptops & Notebooks - Grey",299,https://amazon.in//Dyazo-Resistant-Compatible-laptops-Notebooks/dp/B09BFV96TS/ref=sr_1_58?dib=eyJ2IjoiMSJ9.4sE_1yWnX7TwaGBiOx6wR7_YRVUAMhwmc6QdjKGSA_1U6RcN045LKBGvnAmCLaxD7fWSZiQBIhYOexKPnI3Xd7hH8n4SfTljm6h3o7a7srtknsE8cMdMSwe5lj6YRxXm9OLLUAHyVT2-O9_nXyIoYfsc1l8O3JglTbgbVSJSlQQ5Jin-1E1hYW4hHmRHVNZowQqAqUe-SACn5i4gi_qckLoAstV4jvA8pHbDFii5uME.1-uOqkfW-IiNb3FjA4fgv0oOJGOokUOeLcPtx6Jphx8&dib_tag=se&keywords=laptop&qid=1749306851&sr=8-58
78,"Acer [SmartChoice Aspire 3 Laptop Intel Core Celeron N4500 Processor Laptop (8 GB LPDDR4X SDRAM/512 GB SSD/Win11 Home/38 WHR/HD Webcam) A325-45 with 39.63 cm (15.6"") HD Display, Pure Silver, 1.5 KG","22,990",https://amazon.in//Acer-Celeron-Processor-LPDDR4X-A325-45/dp/B0D7PYTTGH/ref=sr_1_4?dib=eyJ2IjoiMSJ9.KtVjMohCkSJk8z8d5EDRzORBT_cgj423ZGet7MU8gQeXLCSeV6IhyvjR9j6C9c7MRGWOZAleYHZgRreyHKy2i7-nsJC36RTWMjDqcqr8VTcb_0O2BXGt_ydYBHkHe64ojKOijoK8ZhSzSlt2FqSv3eODLvJRojpWjvxAxPe8kl2OhGOZqeLrc80NMtZ1ZLqBbM5byuwtTd9q1u74GEM_J3zyZ4XAr-M4mO6pNHh2MfM.CXTxdF2PwNS3DjiB_y7ZPdoRLMEMKtCzIge4LBmCtxo&dib_tag=se&keywords=laptop&qid=1749306835&sr=8-4
79,"HP OmniBook 5 (Previously Pavilion) 13th Gen Intel Core i5 1334U (16GB LPDDR5X, 512GB SSD) 2K,IPS,300 nits, 16''/40.6cm, Win11, M365 Basic(1yr), Office Home24, Blue, 1.79kg, Camera w/Shutter, ba1123TU","67,490",https://amazon.in//sspa/click?ie=UTF8&spc=MTo1ODI2NDUyNTczNTI2MzE2OjE3NDkzMDY4NTE6c3BfbXRmOjMwMDU2OTgwNzQ5NjEzMjo6MDo6&url=%2FHP-OmniBook-Previously-Pavilion-ba1123TU%2Fdp%2FB0F1DH2T6B%2Fref%3Dsr_1_59_sspa%3Fdib%3DeyJ2IjoiMSJ9.4sE_1yWnX7TwaGBiOx6wR7_YRVUAMhwmc6QdjKGSA_1U6RcN045LKBGvnAmCLaxD7fWSZiQBIhYOexKPnI3Xd7hH8n4SfTljm6h3o7a7srtknsE8cMdMSwe5lj6YRxXm9OLLUAHyVT2-O9_nXyIoYfsc1l8O3JglTbgbVSJSlQQ5Jin-1E1hYW4hHmRHVNZowQqAqUe-SACn5i4gi_qckLoAstV4jvA8pHbDFii5uME.1-uOqkfW-IiNb3FjA4fgv0oOJGOokUOeLcPtx6Jphx8%26dib_tag%3Dse%26keywords%3Dlaptop%26qid%3D1749306851%26sr%3D8-59-spons%26sp_csd%3Dd2lkZ2V0TmFtZT1zcF9tdGY%26psc%3D1
80,"Dell 15 Thin & Light Laptop, 12th Gen Intel Core i5-1235U Processor, 8GB, 512GB SSD, 15.6"" (38) cm FHD Display, Windows 11 + MSO'21, 15 Month McAfee Antivirus, Black, Spill-Resistant Keyboard,1.66kg","45,869",https://amazon.in//sspa/click?ie=UTF8&spc=MTo1ODI2NDUyNTczNTI2MzE2OjE3NDkzMDY4NTE6c3BfbXRmOjMwMDQ1NjIxNjE0MzQzMjo6MDo6&url=%2FDell-i5-1235U-Processor-Antivirus-Spill-Resistant%2Fdp%2FB0CSG4G18G%2Fref%3Dsr_1_60_sspa%3Fdib%3DeyJ2IjoiMSJ9.4sE_1yWnX7TwaGBiOx6wR7_YRVUAMhwmc6QdjKGSA_1U6RcN045LKBGvnAmCLaxD7fWSZiQBIhYOexKPnI3Xd7hH8n4SfTljm6h3o7a7srtknsE8cMdMSwe5lj6YRxXm9OLLUAHyVT2-O9_nXyIoYfsc1l8O3JglTbgbVSJSlQQ5Jin-1E1hYW4hHmRHVNZowQqAqUe-SACn5i4gi_qckLoAstV4jvA8pHbDFii5uME.1-uOqkfW-IiNb3FjA4fgv0oOJGOokUOeLcPtx6Jphx8%26dib_tag%3Dse%26keywords%3Dlaptop%26qid%3D1749306851%26sr%3D8-60-spons%26sp_csd%3Dd2lkZ2V0TmFtZT1zcF9tdGY%26psc%3D1
81,"Tygot 6 Angles Adjustable Aluminum Ergonomic Foldable Portable Tabletop Laptop/Desktop Riser Stand Holder Compatible for MacBook, HP, Dell, Lenovo & All Other Notebook (Grey)",324,https://amazon.in//Tygot-Laptop-Stand-Adjustable-OverHeating/dp/B0D9FL6CFX/ref=sr_1_61?dib=eyJ2IjoiMSJ9.4sE_1yWnX7TwaGBiOx6wR7_YRVUAMhwmc6QdjKGSA_1U6RcN045LKBGvnAmCLaxD7fWSZiQBIhYOexKPnI3Xd7hH8n4SfTljm6h3o7a7srtknsE8cMdMSwe5lj6YRxXm9OLLUAHyVT2-O9_nXyIoYfsc1l8O3JglTbgbVSJSlQQ5Jin-1E1hYW4hHmRHVNZowQqAqUe-SACn5i4gi_qckLoAstV4jvA8pHbDFii5uME.1-uOqkfW-IiNb3FjA4fgv0oOJGOokUOeLcPtx6Jphx8&dib_tag=se&keywords=laptop&qid=1749306851&sr=8-61
82,"HP Victus, AMD Ryzen 5 5600H, NVIDIA RTX 3050, 16GB DDR4, 512GB SSD (Win11, Office21, Blue, 2.37kg) 144Hz, 9MS, IPS, 15.6-inch(39.6cm) Gaming Laptop, Backlit kb, Enhanced Cooling, fb0106AX/Fb0112AX","60,990",https://amazon.in//HP-GeForce-Graphics-Response-15-fb0106AX/dp/B0BWS9YNCX/ref=sr_1_62?dib=eyJ2IjoiMSJ9.4sE_1yWnX7TwaGBiOx6wR7_YRVUAMhwmc6QdjKGSA_1U6RcN045LKBGvnAmCLaxD7fWSZiQBIhYOexKPnI3Xd7hH8n4SfTljm6h3o7a7srtknsE8cMdMSwe5lj6YRxXm9OLLUAHyVT2-O9_nXyIoYfsc1l8O3JglTbgbVSJSlQQ5Jin-1E1hYW4hHmRHVNZowQqAqUe-SACn5i4gi_qckLoAstV4jvA8pHbDFii5uME.1-uOqkfW-IiNb3FjA4fgv0oOJGOokUOeLcPtx6Jphx8&dib_tag=se&keywords=laptop&qid=1749306851&sr=8-62
83,"ASUS VivoBook 15 (2022), Intel Core i3-1215U, 12th Gen, 8GB RAM, 512GB SSD, FHD, 15.6""/39.62cm, Windows 11, MS Office 2021, Icelight Silver, 1.7KG, X1502ZA-EJ322WS, Backlit KB Laptop","30,990",https://amazon.in//ASUS-VivoBook-Intel%C2%AECoreTM-i3-1215U-X1502ZA-EJ322WS/dp/B0BTVMBLZC/ref=sr_1_63?dib=eyJ2IjoiMSJ9.4sE_1yWnX7TwaGBiOx6wR7_YRVUAMhwmc6QdjKGSA_1U6RcN045LKBGvnAmCLaxD7fWSZiQBIhYOexKPnI3Xd7hH8n4SfTljm6h3o7a7srtknsE8cMdMSwe5lj6YRxXm9OLLUAHyVT2-O9_nXyIoYfsc1l8O3JglTbgbVSJSlQQ5Jin-1E1hYW4hHmRHVNZowQqAqUe-SACn5i4gi_qckLoAstV4jvA8pHbDFii5uME.1-uOqkfW-IiNb3FjA4fgv0oOJGOokUOeLcPtx6Jphx8&dib_tag=se&keywords=laptop&qid=1749306851&sr=8-63
84,"ASUS VivoBook 15 (2022), Intel Core i3-1215U, 12th Gen, 8GB RAM, 512GB SSD, FHD, 15.6""/39.62cm, Windows 11, Office 2021, Cool Silver, 1.7KG, X1504ZA-NJ322WS, Backlit KB Laptop","32,600",https://amazon.in//ASUS-Vivobook-Intel%C2%AECoreTM-i3-1215U-15-6-inch/dp/B0CCKPTMYX/ref=sr_1_64?dib=eyJ2IjoiMSJ9.4sE_1yWnX7TwaGBiOx6wR7_YRVUAMhwmc6QdjKGSA_1U6RcN045LKBGvnAmCLaxD7fWSZiQBIhYOexKPnI3Xd7hH8n4SfTljm6h3o7a7srtknsE8cMdMSwe5lj6YRxXm9OLLUAHyVT2-O9_nXyIoYfsc1l8O3JglTbgbVSJSlQQ5Jin-1E1hYW4hHmRHVNZowQqAqUe-SACn5i4gi_qckLoAstV4jvA8pHbDFii5uME.1-uOqkfW-IiNb3FjA4fgv0oOJGOokUOeLcPtx6Jphx8&dib_tag=se&keywords=laptop&qid=1749306851&sr=8-64
85,"MSI CreatorPro X17 HX, Intel 13th Gen. i9-13980HX,44CM UHD 144Hz Mini LED Creator Laptop (64GB/4TB NVMe SSD/Windows 11 Pro/NVIDIA RTXâ„¢ 3500 Ada, GDDR6 12GB/Core Black/3.3Kg), A13VKS-249IN","4,94,490",https://amazon.in//MSI-CreatorPro-i9-13980HX-Creator-A13VKS-249IN/dp/B0CD7GZD42/ref=sr_1_65?dib=eyJ2IjoiMSJ9.4sE_1yWnX7TwaGBiOx6wR7_YRVUAMhwmc6QdjKGSA_1U6RcN045LKBGvnAmCLaxD7fWSZiQBIhYOexKPnI3Xd7hH8n4SfTljm6h3o7a7srtknsE8cMdMSwe5lj6YRxXm9OLLUAHyVT2-O9_nXyIoYfsc1l8O3JglTbgbVSJSlQQ5Jin-1E1hYW4hHmRHVNZowQqAqUe-SACn5i4gi_qckLoAstV4jvA8pHbDFii5uME.1-uOqkfW-IiNb3FjA4fgv0oOJGOokUOeLcPtx6Jphx8&dib_tag=se&keywords=laptop&qid=1749306851&sr=8-65
86,"HP 15, 12th Gen Intel Core i5-1235U Laptop (16GB DDR4, 512GB SSD) Anti-Glare, 15.6""/39.6cm, FHD, Win 11, MSO 21, Silver, 1.69kg, Intel Iris Xe Graphics, HD Camera, Backlit Keyboard, fy5009tu/fd0111tu","50,490",https://amazon.in//HP-i5-1235U-Anti-Glare-Micro-Edge-fy5009tu/dp/B0D4M66F6R/ref=sr_1_66?dib=eyJ2IjoiMSJ9.4sE_1yWnX7TwaGBiOx6wR7_YRVUAMhwmc6QdjKGSA_1U6RcN045LKBGvnAmCLaxD7fWSZiQBIhYOexKPnI3Xd7hH8n4SfTljm6h3o7a7srtknsE8cMdMSwe5lj6YRxXm9OLLUAHyVT2-O9_nXyIoYfsc1l8O3JglTbgbVSJSlQQ5Jin-1E1hYW4hHmRHVNZowQqAqUe-SACn5i4gi_qckLoAstV4jvA8pHbDFii5uME.1-uOqkfW-IiNb3FjA4fgv0oOJGOokUOeLcPtx6Jphx8&dib_tag=se&keywords=laptop&qid=1749306851&sr=8-66
87,"Acer Aspire Lite,13th Gen, Intel Core i3-1305U, 16GB RAM, 512GB SSD, Full HD, 15.6""/39.62cm, Windows 11 Home, Steel Gray, 1.59KG, AL15-53, Metal Body, 36 WHR, Thin and Light Premium Laptop","33,990",https://amazon.in//i3-1305U-39-62cm-Windows-AL15-53-Premium/dp/B0DKK15M2P/ref=sr_1_67?dib=eyJ2IjoiMSJ9.4sE_1yWnX7TwaGBiOx6wR7_YRVUAMhwmc6QdjKGSA_1U6RcN045LKBGvnAmCLaxD7fWSZiQBIhYOexKPnI3Xd7hH8n4SfTljm6h3o7a7srtknsE8cMdMSwe5lj6YRxXm9OLLUAHyVT2-O9_nXyIoYfsc1l8O3JglTbgbVSJSlQQ5Jin-1E1hYW4hHmRHVNZowQqAqUe-SACn5i4gi_qckLoAstV4jvA8pHbDFii5uME.1-uOqkfW-IiNb3FjA4fgv0oOJGOokUOeLcPtx6Jphx8&dib_tag=se&keywords=laptop&qid=1749306851&sr=8-67
88,"HP 15, Intel Core Ultra 5 125H Laptop (16GB DDR5,1TB SSD) IPS, Anti-Glare, Micro-Edge, 15.6''/39.6cm, FHD, Win11,M365 Basic(1yr),Office Home24,Silver,1.65kg, FHD Camera w/Shutter, Backlit, fd1255TU","68,490",https://amazon.in//HP-Anti-Glare-Micro-Edge-Shutter-fd1255TU/dp/B0F5B1N9SJ/ref=sr_1_68?dib=eyJ2IjoiMSJ9.4sE_1yWnX7TwaGBiOx6wR7_YRVUAMhwmc6QdjKGSA_1U6RcN045LKBGvnAmCLaxD7fWSZiQBIhYOexKPnI3Xd7hH8n4SfTljm6h3o7a7srtknsE8cMdMSwe5lj6YRxXm9OLLUAHyVT2-O9_nXyIoYfsc1l8O3JglTbgbVSJSlQQ5Jin-1E1hYW4hHmRHVNZowQqAqUe-SACn5i4gi_qckLoAstV4jvA8pHbDFii5uME.1-uOqkfW-IiNb3FjA4fgv0oOJGOokUOeLcPtx6Jphx8&dib_tag=se&keywords=laptop&qid=1749306851&sr=8-68
89,"Lenovo V15 G4 AMD Athlon Silver 7120U Laptop 8GB LPDDR5 Ram, 512 GB SSD PCIe, Windows 11 Lifetime Validity,15.6"" FHD Screen, AMD Radeon 610M, Silver, 1 Year Brand Warranty","24,990",https://amazon.in//Lenovo-V15-Lifetime-Validity-Warranty/dp/B0CL7CMTXS/ref=sr_1_5?dib=eyJ2IjoiMSJ9.KtVjMohCkSJk8z8d5EDRzORBT_cgj423ZGet7MU8gQeXLCSeV6IhyvjR9j6C9c7MRGWOZAleYHZgRreyHKy2i7-nsJC36RTWMjDqcqr8VTcb_0O2BXGt_ydYBHkHe64ojKOijoK8ZhSzSlt2FqSv3eODLvJRojpWjvxAxPe8kl2OhGOZqeLrc80NMtZ1ZLqBbM5byuwtTd9q1u74GEM_J3zyZ4XAr-M4mO6pNHh2MfM.CXTxdF2PwNS3DjiB_y7ZPdoRLMEMKtCzIge4LBmCtxo&dib_tag=se&keywords=laptop&qid=1749306835&sr=8-5
90,"HP 15, AMD Ryzen 7 7735HS Laptop (16GB DDR5,512GB SSD) Anti-Glare, Micro-Edge,15.6''/39.6cm, FHD, Win11, M365 Basic(1yr),Office Home24, Silver,1.59kg, FHD Camera w/Shutter, Backlit, fc1038AU","64,990",https://amazon.in//sspa/click?ie=UTF8&spc=MTo1ODI2NDUyNTczNTI2MzE2OjE3NDkzMDY4NTE6c3BfYnRmOjMwMDU4MjUyOTQ5MjQzMjo6MDo6&url=%2FHP-Anti-Glare-Micro-Edge-Shutter-fc1038AU%2Fdp%2FB0F5W5FLPP%2Fref%3Dsr_1_69_sspa%3Fdib%3DeyJ2IjoiMSJ9.4sE_1yWnX7TwaGBiOx6wR7_YRVUAMhwmc6QdjKGSA_1U6RcN045LKBGvnAmCLaxD7fWSZiQBIhYOexKPnI3Xd7hH8n4SfTljm6h3o7a7srtknsE8cMdMSwe5lj6YRxXm9OLLUAHyVT2-O9_nXyIoYfsc1l8O3JglTbgbVSJSlQQ5Jin-1E1hYW4hHmRHVNZowQqAqUe-SACn5i4gi_qckLoAstV4jvA8pHbDFii5uME.1-uOqkfW-IiNb3FjA4fgv0oOJGOokUOeLcPtx6Jphx8%26dib_tag%3Dse%26keywords%3Dlaptop%26qid%3D1749306851%26sr%3D8-69-spons%26sp_csd%3Dd2lkZ2V0TmFtZT1zcF9idGY%26psc%3D1
91,"Lenovo V15 G4 AMD Ryzen 5 7520U 15.6 inch FHD Thin & Lite Laptop, AMD Graphics, 16GB DDR5 5500Mhz Ram, 512GB SSD, Dolby Audio,Premium Grey, 1 Year Onsite Brand Warranty","34,990",https://amazon.in//sspa/click?ie=UTF8&spc=MTo1ODI2NDUyNTczNTI2MzE2OjE3NDkzMDY4NTE6c3BfYnRmOjMwMDU3NjI5MzkyNTYzMjo6MDo6&url=%2FLenovo-Graphics-5500Mhz-Windows-Warranty%2Fdp%2FB0F7HRM9JX%2Fref%3Dsr_1_70_sspa%3Fdib%3DeyJ2IjoiMSJ9.4sE_1yWnX7TwaGBiOx6wR7_YRVUAMhwmc6QdjKGSA_1U6RcN045LKBGvnAmCLaxD7fWSZiQBIhYOexKPnI3Xd7hH8n4SfTljm6h3o7a7srtknsE8cMdMSwe5lj6YRxXm9OLLUAHyVT2-O9_nXyIoYfsc1l8O3JglTbgbVSJSlQQ5Jin-1E1hYW4hHmRHVNZowQqAqUe-SACn5i4gi_qckLoAstV4jvA8pHbDFii5uME.1-uOqkfW-IiNb3FjA4fgv0oOJGOokUOeLcPtx6Jphx8%26dib_tag%3Dse%26keywords%3Dlaptop%26qid%3D1749306851%26sr%3D8-70-spons%26sp_csd%3Dd2lkZ2V0TmFtZT1zcF9idGY%26psc%3D1
